company_name,website,cin,ownership_type,sector,segment_ref,differentiation,differentiation_source,differentiation_credibility,differentiation_needs_verify,differentiation_review,differentiation_notes,moat_type,moat_durability,moat,moat_source,moat_credibility,moat_needs_verify,moat_review,moat_notes,product_improvement,product_improvement_source,product_improvement_credibility,product_improvement_needs_verify,product_improvement_review,product_improvement_notes,align1_capability,align1_need,align1_pull,align1_source,align2_capability,align2_need,align2_pull,align2_source,align3_capability,align3_need,align3_pull,align3_source,gap_latent,gap_currently_monetized,gap_summary,gap_activation_path,gap_source,proof_type,proof_status,proof_source,proof_pillar,unresolved_pillars,triage_status,company_summary,notes
Spray Engineering Devices Limited,https://www.sprayengineering.com/,U00000CH2004PLC027625,unlisted-public,Process Equipment,sugar-distillery-biofuel-equipment,"Engineers sustainable process solutions for sugar, water, biofuel & jaggery industries with 750+ installations in 40+ countries.",https://www.sprayengineering.com/,self-claimed,no,Verified,"LinkedIn, Website (sprayengineering.com), Business Standard",scale,stable,Received approval for ₹150 crore financial assistance under the Ministry of Petroleum and Natural Gas for an advanced 2G ethanol biorefinery.,https://renewablewatch.in/2026/06/19/spray-engineering-devices-secures-rs-1-5-billion-financial-assistance-for-ethanol-biorefinery/,third-party,no,Verified,"Website - 100+ patents, DSIR recognition","In-house R&D recognized by DSIR; holds 45+ innovation patents, 56+ design patents, and 32+ copyrights & trademarks.",https://www.sprayengineering.com/about-us/research-and-development,self-claimed,yes,Verified,"Website R&D section, LinkedIn, DSIR certification","Engineers sustainable process solutions for sugar, water, biofuel & jaggery industries with 750+ installations in 40+ countries.","Growing global demands for food safety, food insecurity, and consumer demand for higher quality and sustainability in food and beverage processing.",strong,https://www.sprayengineering.com/,Received approval for ₹150 crore financial assistance under the Ministry of Petroleum and Natural Gas for an advanced 2G ethanol biorefinery.,India's advanced biofuel journey and the need for sustainable fuels and chemicals from agricultural waste.,must-have,https://renewablewatch.in/2026/06/19/spray-engineering-devices-secures-rs-1-5-billion-financial-assistance-for-ethanol-biorefinery/,,,,,"Potential to fully capture economic value from renewable power and carbon resources through the 'SED Smart Village' concept, shifting carbon demand towards high-value products like green chemicals, polymers, aviation fuels, and e-fuels.","Building a next-generation ethanol facility using sugarcane bagasse to produce sustainable fuels and chemicals, generating nutrient-rich biochar for local farming.",Untapped potential in the 'SED Smart Village' concept to expand beyond ethanol production to a wider range of high-value green products.,"Scale up the 'SED Smart Village' model to fully realize the anticipated shift in carbon demand towards high-value green chemicals, polymers, and aviation fuels.",https://ir.lanzatech.com/news-releases/news-release-details/lanzatech-awarded-contract-spray-engineering-devices-ltd-sed,DSIR,claimed-verify,https://www.sprayengineering.com/about-us/research-and-development,product_improvement,product_improvement,needs-review,,
GRACURE PHARMACEUTICALS LTD,https://www.gracure.com/,,private,Pharmaceutical Manufacturing,pharmaceutical-formulations,"Offers end-to-end services from R&D to product launch, including developmental, manufacturing, and regulatory support for clients",https://www.gracure.com/,self-claimed,no,Verified,"LinkedIn, Website (gracure.com), CPHI Online",qualification-lock-in,stable,"Manufacturing facilities are EU-GMP and TGA Australia approved, with additional approvals from Ministry of Health DR Congo and DPML Ivory Coast",https://in.linkedin.com/company/gracure-pharmaceuticals-ltd-,self-claimed,no,Verified,"Website, PharmaCompass, CPHI Online","Certified and approved Research & Development Center by DSIR, Government of India, with 35+ scientists",https://www.gracure.com/,self-claimed,yes,Verified,"LinkedIn, CPHI Online, Website","Offers end-to-end services from R&D to product launch, including developmental, manufacturing, and regulatory support for clients",India's pharmaceutical manufacturing market is projected to reach US$ 100 billion by 2025,strong,https://www.gracure.com/,"Certified and approved Research & Development Center by DSIR, Government of India, with 35+ scientists","India announced a Rs. 60,000 crore (US$ 7 billion) API-push to boost domestic pharmaceutical manufacturing",strong,https://www.gracure.com/,,,,,Potential to expand contract development and manufacturing services given R&D capabilities and large production capacities,Provides contract development and manufacturing services,Untapped potential for contract development and manufacturing despite existing capabilities and capacity,Leverage DSIR-approved R&D center and large production capacities to actively pursue more contract development and manufacturing opportunities,https://www.gracure.com/r-d/,DSIR,claimed-verify,https://www.gracure.com/,product_improvement,product_improvement,needs-review,,
Eldorado Agritech Pvt. Ltd.,https://eldoradoagritech.com/,U01400TG2009PLC063998,listed,Agricultural Seeds,crop-seeds,"R&D, production, processing, and marketing of hybrid seeds including Maize, Paddy, Cotton, Wheat, Sunflower, Mustard, Bajra",https://eldoradoagritech.com/board-details/1,self-claimed,no,Verified,"SEBI IPO filing, Website (eldoradoagritech.com)",qualification-lock-in,stable,ISO 9001:2015 certified company.,https://eldoradoagritech.com/images/reports/Prevention%20of%20Insider%20Trading.pdf,self-claimed,yes,Verified,"SEBI IPO filing, Website","R&D division in Hyderabad and testing centres in Telangana, Andhra Pradesh, Maharashtra, Karnataka, Uttar Pradesh and Bihar; DSIR recognized",https://www.icra.in/Rating/ShowRationalReportFilePdf/78787,third-party,yes,Verified,"SEBI IPO filing, Website","R&D, production, processing, and marketing of hybrid seeds including Maize, Paddy, Cotton, Wheat, Sunflower, Mustard, Bajra","Global Agricultural Seeds Market size estimated to reach $116.3 Billion by 2034, CAGR of 7.5%",strong,https://eldoradoagritech.com/board-details/1,,,,,,,,,Potential to launch first patented agro chemical product by 2028,,"Company plans to launch a patented agro chemical product by 2028, indicating future monetization of R&D.",Develop and commercialize the patented agro chemical product by 2028.,https://www.scribd.com/document/947981592/Srikar-Group-Corporate-Presentation-21-12-2024,DSIR,claimed-verify,https://www.icra.in/Rating/ShowRationalReportFilePdf/78787,product_improvement,product_improvement,needs-review,,
Natesan Synchrocones Pvt. Ltd.,www.synchrocones.net,,private,Automotive Components,transmission-synchro-rings,"Global player in Automotive and Aerospace Industry, catering to marquee OEMs and Tier 1s, with end-to-end capabilities in design, validation, testing, tool and die manufacturing, precision manufacturing, friction materials, special processes, metrology, and metallurgy.",https://natesan.co.in/,self-claimed,no,Verified,"ZoomInfo, Website (natesan.co.in)",qualification-lock-in,stable,"Facilities are IATF 16949, EN 9100:2018, IS 14001, NABL certified, and a single or preferred self-certified source for customers.",https://natesan.co.in/,self-claimed,yes,Verified,"Website, Tracxn, LinkedIn",State-of-the-art Research and Development Center recognized by DSIR; culture of innovation with numerous first-in-India technologies; Joint Venture Kyowa Natesan Synchro Technologies P. Ltd to focus on patented products.,https://natesan.co.in/,self-claimed,yes,Verified,"Website, LinkedIn","Global player in Automotive and Aerospace Industry, catering to marquee OEMs and Tier 1s, with end-to-end capabilities in design, validation, testing, tool and die manufacturing, precision manufacturing, friction materials, special processes, metrology, and metallurgy.","India automotive components market is projected to reach USD 82.67 Billion by 2034, driven by rising vehicle production and OEM demand.",strong,https://natesan.co.in/,"Facilities are IATF 16949, EN 9100:2018, IS 14001, NABL certified, and a single or preferred self-certified source for customers.","OEMs comprise the biggest segment (60% in 2025) in the India automotive components market, requiring quality standards and production efficiency.",must-have,https://natesan.co.in/,State-of-the-art Research and Development Center recognized by DSIR; culture of innovation with numerous first-in-India technologies; Joint Venture Kyowa Natesan Synchro Technologies P. Ltd to focus on patented products.,Strategic investments in R&D activities and adoption of advanced manufacturing technologies are driving market share in India's automotive components sector.,strong,https://natesan.co.in/,Potential to expand global market share in both OEM and aftermarket sectors beyond current fast growth mode.,Currently in fast growth mode into global markets in both OEM and aftermarket sectors through focused marketing initiatives.,Untapped potential for further global market expansion beyond current growth initiatives.,"Leverage existing technical support agreement with Ricardo Midlands Technical Centre, UK, for global market penetration.",https://www.indiamart.com/company/3204931/aboutus.html?srsltid=AfmBOorTxgIC0c6t6VuRsJ8Dc1TSrdQkP_oHTJ-UGOvwSYx2oh0XSS81,DSIR,claimed-verify,https://natesan.co.in/,product_improvement,"moat, product_improvement",needs-review,,
Garware Technical Fibres Ltd,http://garwareropes.com/,L25209MH1976PLC018939,listed,Technical Textiles,nets-ropes-geosynthetics,"India's leading player in technical textiles, offering innovative solutions in aquaculture, fishing, sports, safety, and agricultural nets, coated fabrics, ropes, and geosynthetics.",https://www.garwarefibres.com/,self-claimed,yes,Verified,"Website (garwarefibres.com), ZoomInfo, HDFC Securities",qualification-lock-in,stable,"Recognized as Four Star Export House by DGFT, Ministry of Commerce, Govt of India.",https://www.garwarefibres.com/,self-claimed,yes,Verified,"Website, Screener.in, LinkedIn",DSIR Registered R&D Unit with a steady innovation pipeline and patented technologies like V2 nets and anti-fouling properties.,https://www.indiascienceandtechnology.gov.in/allstinstitutions/garware-technical-fibres-ltd,registry-confirmed,no,Verified,"Website, Textile Magazine, LinkedIn","India's leading player in technical textiles, offering innovative solutions in aquaculture, fishing, sports, safety, and agricultural nets, coated fabrics, ropes, and geosynthetics.","India technical textiles market expected to reach USD 34,444.9 million by 2033.",strong,https://www.garwarefibres.com/,DSIR Registered R&D Unit with a steady innovation pipeline and patented technologies like V2 nets and anti-fouling properties.,Global technical textiles market projected to reach USD 324.83 billion by 2030.,strong,https://www.indiascienceandtechnology.gov.in/allstinstitutions/garware-technical-fibres-ltd,,,,,,,,,,DSIR,claimed-verify,https://www.indiascienceandtechnology.gov.in/allstinstitutions/garware-technical-fibres-ltd,,"differentiation, moat",needs-review,,
Spaco Technologies (I) Pvt. Ltd.,http://www.spaco.in/,,private,Automotive Components,carburettors-throttle-bodies,"Pioneers of 2 & 3 Wheeler Carburettors in India; also manufactures Throttle Bodies, Precision Pressure Die-cast & Turned Components",http://www.spaco.co.in/,self-claimed,yes,Verified,"IndiaMART, Website (spaco.co.in), ExportersIndia",qualification-lock-in,stable,Holds IATF 16949:2016 and ISO 14001:2015 certifications,http://www.spaco.co.in/,self-claimed,yes,Verified,"Website, IATF16949 certification","Recognized in-house R&D unit by DSIR, Govt. of India",https://cdnbbsr.s3waas.gov.in/s3d860edd1dd83b36f02ce52bde626c653/uploads/2020/04/2020042455-1.pdf,registry-confirmed,no,Verified,"Website, LinkedIn","Pioneers of 2 & 3 Wheeler Carburettors in India; also manufactures Throttle Bodies, Precision Pressure Die-cast & Turned Components",India auto component market to grow by USD 85.86 billion (14.8% CAGR) from 2025-2030,strong,http://www.spaco.co.in/,Holds IATF 16949:2016 and ISO 14001:2015 certifications,Auto component market driven by enhanced safety regulations and digital technology integration,must-have,http://www.spaco.co.in/,,,,,Potential for increased direct exports of automotive and non-automotive components,Company has ventured into direct exports,Untapped export potential beyond initial ventures,Expand export operations and diversify into new international markets,https://www.superautomats.co.in/about.html,DSIR,claimed-verify,https://cdnbbsr.s3waas.gov.in/s3d860edd1dd83b36f02ce52bde626c653/uploads/2020/04/2020042455-1.pdf,,"differentiation, moat",needs-review,,
Mantra Softech (India) Pvt. Ltd.,https://www.mantratec.com/,,private,Biometric Devices,biometric-identity-verification,"Manufactures biometric hardware and builds software integration layer for fingerprint, iris, and face recognition systems",https://www.mantratec.com/Business,self-claimed,no,Verified,"Biometric Update, Website (mantratec.com), LinkedIn",qualification-lock-in,stable,"Devices are UIDAI-certified and STQC-tested, trusted by government departments",https://www.mantratec.com/Business,self-claimed,yes,Verified,"Website, UIDAI certification, DSIR recognition",In-house R&D unit recognized by Ministry of Science & Technology; Ahmedabad R&D center with 50+ engineers,https://mantraidentity.com/Assets/Images/Company_Profile.pdf,self-claimed,yes,Verified,"Website, Biometric Update, DSIR","Manufactures biometric hardware and builds software integration layer for fingerprint, iris, and face recognition systems",Demand for associated software is anticipated to magnify as cloud-based services and AI are being used in biometric devices,strong,https://www.mantratec.com/Business,In-house R&D unit recognized by Ministry of Science & Technology; Ahmedabad R&D center with 50+ engineers,Accelerating development of biometrics and digital ID technologies with $14M investment,must-have,https://mantraidentity.com/Assets/Images/Company_Profile.pdf,"Devices are UIDAI-certified and STQC-tested, trusted by government departments",Lack of standardization and interoperability across biometric devices and platforms poses a significant challenge,strong,https://www.mantratec.com/Business,Expand global presence into border control programs and national digital ID rollouts under MOSIP framework,"Hardware runs in production environments across 50+ countries, processed over 1.5 billion biometric transactions",Untapped potential in global government ID programs despite existing certifications and international deployments.,Leverage existing IP depth and certifications to target MOSIP framework and border control programs.,https://www.mantratec.com/Computer-Vision-in-Biometric-Technology,DSIR,claimed-verify,https://mantraidentity.com/Assets/Images/Company_Profile.pdf,product_improvement,"moat, product_improvement",needs-review,,
FREDUN PHARMACEUTICALS LTD,http://fredunpharma.com/,L24239MH1987PLC043662,,Pharmaceuticals,pharmaceutical-formulations,"Manufactures diverse pharmaceutical formulations, animal healthcare products, nutraceuticals, and cosmeceuticals",https://www.bitget.com/stock/bse-fredun/what-is,self-claimed,no,Verified,"Screener.in, PitchBook, ExportersIndia",qualification-lock-in,stable,WHO-GMP certified manufacturing facility; over 400+ active product registrations globally,https://www.bitget.com/stock/bse-fredun/what-is,self-claimed,no,Verified,"Website, WHO-GMP certification","Years of R&D at company's facility; ventured into dietary/herbal supplements, nutraceuticals",https://www.scribd.com/document/940065302/Fredun-Pharma,self-claimed,no,Verified,"Website, LinkedIn",WHO-GMP certified manufacturing facility; over 400+ active product registrations globally,Patent expiries fuel generic pipeline; government production-linked incentives for API capacity,strong,https://www.bitget.com/stock/bse-fredun/what-is,"Manufactures diverse pharmaceutical formulations, animal healthcare products, nutraceuticals, and cosmeceuticals",Rapid rise in chronic diseases ties patients to multi-year therapy plans,strong,https://www.bitget.com/stock/bse-fredun/what-is,,,,,Potential for higher margins in emerging markets due to export-oriented model,"Approximately 80-90% of revenue from international markets, mitigating domestic price capping risks",Export-led growth model mitigates domestic risks but could further leverage higher margins in emerging markets.,Continue strategic partnerships with global distributors and dossier filing in new markets.,https://www.bitget.com/stock/bse-fredun/what-is,,not-found,,,,auto-confirmed,,
JAISHIL SULPHUR & CHEMICAL INDUSTRIES,http://www.jaishilsulphur.com,,sole-proprietorship,Agricultural Chemicals,micronized-sulphur-zinc-formulations,"One of the largest global manufacturers of sulphur-based formulations, with over 50,000 MT annual production capacity and presence in 30+ countries",https://www.zoominfo.com/c/jaishil-sulphur--chemical-industries/547159550,self-claimed,yes,Verified,"ZoomInfo, Facebook, YouTube, LinkedIn",qualification-lock-in,stable,"CIR-32624/2000-Sulphur registration for Sulphur 80% WDG, distributed by UPL Sustainable Agri Solutions",https://keralaagriculture.gov.in/wp-content/uploads/2023/08/2288.pdf,self-claimed,yes,Verified,"Website, LinkedIn","India's first manufacturer of low dosage zinc fertilizer, NutriZin 700, and offers OMRI listed organic products",https://www.zoominfo.com/c/jaishil-sulphur--chemical-industries/547159550,self-claimed,yes,Verified,"Website, LinkedIn","One of the largest global manufacturers of sulphur-based formulations, with over 50,000 MT annual production capacity and presence in 30+ countries",Global sourcing challenges cause world to look to Indian manufacturers for supply and reliability,strong,https://www.zoominfo.com/c/jaishil-sulphur--chemical-industries/547159550,"India's first manufacturer of low dosage zinc fertilizer, NutriZin 700, and offers OMRI listed organic products",Increased consumer awareness of food safety prompts higher demand for crops cultivated with chemicals meeting stringent safety standards,strong,https://www.zoominfo.com/c/jaishil-sulphur--chemical-industries/547159550,,,,,Potential to expand market share in the growing global agricultural chemicals market,"Focuses on Indian agricultural market and emerging market export opportunities, leveraging cost advantages",Company's global manufacturing scale and innovative products are not fully leveraged for broader market capture beyond current focus,"Expand market penetration in North America, which is poised for fastest CAGR growth in agricultural chemicals",https://www.databridgemarketresearch.com/reports/global-agricultural-chemicals-market?srsltid=AfmBOooXPwZyPRxLt9cBYgutirpPoAJP3buX0v8cITsx4VIhU8xFitbf,CIR,claimed-verify,https://keralaagriculture.gov.in/wp-content/uploads/2023/08/2288.pdf,moat,"differentiation, moat, product_improvement",needs-review,,
"LITMUS ORGANICS PVT. LTD.,",http://www.litmus.co.in,,,,,"Specializes in CDMO, contract research, custom synthesis, and manufacturing of niche specialty intermediate chemicals, pharmaceutical intermediates, and fine products.",https://www.chemspeceurope.com/en-gb/exhibitor-directory.html?page=3,self-claimed,no,Verified,"ZoomInfo, PharmaCompass, Website",qualification-lock-in,stable,ISO certified company with all requisite licenses and clearances from government bodies.,https://www.litmus.co.in/,self-claimed,no,Verified,"PharmaCompass, Website","Has in-house R&D and pilot plant facilities, with a history of product development including 'LitSil' Metal Scavengers.",https://www.litmus.co.in/,self-claimed,no,Verified,"PharmaCompass, Website","Specializes in CDMO, contract research, custom synthesis, and manufacturing of niche specialty intermediate chemicals, pharmaceutical intermediates, and fine products.","Global demand for specialty and fine chemicals, and contract manufacturing expertise.",strong,https://www.chemspeceurope.com/en-gb/exhibitor-directory.html?page=3,ISO certified company with all requisite licenses and clearances from government bodies.,Customers seeking reliable supplies and high-level service for chemical intermediates.,must-have,https://www.litmus.co.in/,"Has in-house R&D and pilot plant facilities, with a history of product development including 'LitSil' Metal Scavengers.",Customers seeking innovation and process engineering to scale technologies commercially.,strong,https://www.litmus.co.in/,Potential for increased global market share in specialty chemicals.,"Recognized for outstanding Export Performance (Small Scale Sector) by CHEMEXCIL, with 259 shipments to 38 verified buyers.","Export performance is recognized, but there's an opportunity to further expand global footprint.",Strengthen cooperation and build future synergies with organizations through customer visits and audits.,https://www.linkedin.com/posts/litmusorganic_we-are-thrilled-to-announce-that-litmus-organics-activity-7293984678418477057-htxr,,not-found,,,,auto-confirmed,,
SUPRIYA LIFESCIENCE LTD.,http://www.supriyalifescience.com,,listed,Pharmaceuticals,active-pharmaceutical-ingredients,First Indian company to receive ANVISA approval for Esketamine Hydrochloride; developed low-cost manufacturing for Atorvastatin,https://www.supriyalifescience.com/assets/pdfs/updates-announcements/updates-under-reg-30/2024-2025/Esketamine%20Hydrochloride%20approval%20&%20Atorvastatin%20patent%20filing.pdf,self-claimed,no,Verified,"Medical Dialogues, BioSpectrum India, Business Standard",qualification-lock-in,stable,"Multiple accreditations from health regulatory agencies, including three USFDA approvals and two EUGMP/EDQM certifications",https://pharmasource.global/directory/supriya-life-science-ltd/,self-claimed,no,Verified,"Website, DSIR approved R&D",DSIR-approved R&D division partners with innovator and generic companies for process development of APIs and intermediates,https://www.supriyalifescience.com/operations-research-and-development-api.php,self-claimed,yes,Verified,"Website, DSIR, LinkedIn","Multiple accreditations from health regulatory agencies, including three USFDA approvals and two EUGMP/EDQM certifications",Indian pharmaceutical sector expanding global market access through trade agreements,strong,https://pharmasource.global/directory/supriya-life-science-ltd/,DSIR-approved R&D division partners with innovator and generic companies for process development of APIs and intermediates,Government initiatives like Biopharma SHAKTI and PLI scheme to boost R&D and domestic biopharma capabilities,must-have,https://www.supriyalifescience.com/operations-research-and-development-api.php,First Indian company to receive ANVISA approval for Esketamine Hydrochloride; developed low-cost manufacturing for Atorvastatin,Indian drugmakers increasingly using AI in R&D to lower costs and shorten drug development timelines,strong,https://www.supriyalifescience.com/assets/pdfs/updates-announcements/updates-under-reg-30/2024-2025/Esketamine%20Hydrochloride%20approval%20&%20Atorvastatin%20patent%20filing.pdf,Potential for increased market share and revenue from Esketamine Hydrochloride in Brazil and other regulated markets,Approval for Esketamine Hydrochloride from Brazil's health authority ANVISA,"Approval for Esketamine Hydrochloride in Brazil is a step, but full market potential is not yet realized.",Leverage ANVISA approval to expand sales and distribution of Esketamine Hydrochloride in Brazil and other Latin American markets.,https://www.supriyalifescience.com/assets/pdfs/updates-announcements/updates-under-reg-30/2024-2025/Esketamine%20Hydrochloride%20approval%20&%20Atorvastatin%20patent%20filing.pdf,DSIR,claimed-verify,https://www.supriyalifescience.com/operations-research-and-development-api.php,product_improvement,product_improvement,needs-review,,
TATVA CHINTAN PHARMA CHEM LIMITED,http://www.tatvachintan.com,L24232GJ1996PLC029894,listed,Specialty Chemicals,phase-transfer-catalysts,Largest and only commercial manufacturer of Structure Directing Agents (SDA) for zeolites in India; world's second-largest manufacturer of SDA for zeolites; India's largest producer of Electrolyte Salts (ESS) for supercapacitor batteries; largest producer of glymes in India and among foremost producers worldwide.,https://www.tatvachintan.com/about-us.aspx,self-claimed,yes,Verified,"MarketScreener, Screener.in, ZoomInfo",scale,stable,Sole commercial supplier of Structure Directing Agents for zeolites in India; world's second-largest manufacturer of Structure Directing Agents for zeolites; India's largest producer of Electrolyte Salts for supercapacitor batteries; largest producer of glymes in India and among foremost producers worldwide.,https://www.tatvachintan.com/about-us.aspx,self-claimed,yes,Verified,"Website, LinkedIn","State-of-the-art R&D facility in Vadodara, India, recognized by DSIR, Government of India, spanning ~36,000 sq ft, equipped with advanced reactors and analytical instruments.",https://www.tatvachintan.com/our-facilities.aspx,self-claimed,yes,Verified,"Website, LinkedIn","State-of-the-art R&D facility in Vadodara, India, recognized by DSIR, Government of India, spanning ~36,000 sq ft, equipped with advanced reactors and analytical instruments.","Technological advancements driving innovation in specialty chemicals for improved performance, functionality, and environmental sustainability.",strong,https://www.tatvachintan.com/our-facilities.aspx,Largest and only commercial manufacturer of Structure Directing Agents (SDA) for zeolites in India; world's second-largest manufacturer of SDA for zeolites; India's largest producer of Electrolyte Salts (ESS) for supercapacitor batteries; largest producer of glymes in India and among foremost producers worldwide.,"Rapid industrialization and growth of end-user industries like agriculture, pharmaceuticals, personal care, and automotive driving demand for specialty chemicals.",strong,https://www.tatvachintan.com/about-us.aspx,,,,,Potential for increased export revenue given global manufacturing excellence and resilient supply chain.,,,Scale up global reach and manufacturing infrastructure to capture more international market share.,https://docs.publicnow.com/viewDoc.aspx?filename=197097%5CEXT%5CA5BCFC8B52E72E51D0C257A706445198E7F00E66_38DC6F43AAA7F267EFCB7D221BBF0AE8F15EC06D.PDF,DSIR,claimed-verify,https://www.tatvachintan.com/our-facilities.aspx,product_improvement,"differentiation, moat, product_improvement",needs-review,,
SANDSTORM EQUIPMENT CO.,www.sandstorm.net.in,,sole-proprietorship,Surface Finishing Equipment,blasting-peening-systems,"Manufactures a wide range of blasting and painting equipment, including sand blast cabinets, special purpose blasting machines, and shot peening systems",https://www.a-leads.co/company/26582360_2c5f246a,self-claimed,no,Verified,"ZoomInfo, IndiaMART, Website",qualification-lock-in,stable,"Trusted supplier of surface finishing and coating equipment to the Indian Armed Forces (Army, Navy, Air Force)",https://www.justdial.com/Bangalore/Sandstorm-Equipment-Co-Manufacturing-Near-Kssidc-Industrial-Area-Kumbalgodu/080PXX80-XX80-210615161937-H7S7_BZDET,self-claimed,no,Verified,"IndiaMART, Website","Offers abrasive eco blast cabinets, portable blasting machines, and shot peening systems with various models and specifications",https://www.sandstorm.net.in/aeb_cabinets.html,self-claimed,no,Verified,"IndiaMART, Website","Manufactures a wide range of blasting and painting equipment, including sand blast cabinets, special purpose blasting machines, and shot peening systems",Increasing demand for airless blast equipment in the automotive industry and growing infrastructure development,strong,https://www.a-leads.co/company/26582360_2c5f246a,"Trusted supplier of surface finishing and coating equipment to the Indian Armed Forces (Army, Navy, Air Force)",Government initiatives promoting “Make in India” and industrial growth,must-have,https://www.justdial.com/Bangalore/Sandstorm-Equipment-Co-Manufacturing-Near-Kssidc-Industrial-Area-Kumbalgodu/080PXX80-XX80-210615161937-H7S7_BZDET,"Offers abrasive eco blast cabinets, portable blasting machines, and shot peening systems with various models and specifications",Need for custom-engineered blast equipment tailored for specialized applications,strong,https://www.a-leads.co/company/26582360_2c5f246a,Potential to expand market share in the growing global airless blast equipment market,Specialized in manufacturing field-proven equipment for the surface finishing industry for 15+ years,Untapped potential in the expanding global market for airless blast equipment despite a long history of specialization.,Leverage existing specialization and quality products to capture more of the global market growth.,https://www.openpr.com/news/3365463/airless-blast-equipment-market-worth-850-01-million-by-2030,,not-found,,,,auto-confirmed,,
Infinita Biotech Pvt. Ltd.,infinitabiotech.com,,private,Industrial Biotechnology,industrial-enzymatic-solutions,Global leadership in manufacturing enzymatic solutions and customized enzyme formulations for various industries,https://www.instagram.com/infinita.biotech/?hl=en,self-claimed,no,Verified,"Ingredients Network, LinkedIn, IndiaMART",qualification-lock-in,stable,"ISO 9001:2015, ISO 9001:2018, DAR KOSHER, HALAL INDIA certified corporation",https://www.tradeindia.com/infinita-biotech-pvt-ltd-31914781/,self-claimed,yes,Verified,"Website, DSIR recognized",GOI recognized research-driven company with DSIR recognition for in-house R&D unit,https://infinitabiotech.com/blog/dsir-recognized/,self-claimed,yes,Verified,"Website, LinkedIn",Global leadership in manufacturing enzymatic solutions and customized enzyme formulations for various industries,Growing demand for sustainable and efficient solutions in industrial biotechnology,strong,https://www.instagram.com/infinita.biotech/?hl=en,GOI recognized research-driven company with DSIR recognition for in-house R&D unit,Indian government initiatives promoting innovation and in-house R&D,must-have,https://infinitabiotech.com/blog/dsir-recognized/,"ISO 9001:2015, ISO 9001:2018, DAR KOSHER, HALAL INDIA certified corporation","Increasing emphasis on quality, environmental compliance, and certifications in global markets",strong,https://www.tradeindia.com/infinita-biotech-pvt-ltd-31914781/,"Potential to capture a larger share of the global biotechnology market, especially in industrial biotechnology","Exports enzymes with a trade value of $2.74M from Jan 2022 to Sept 2025, with 82 shipments",Significant export activity but potential for greater market penetration in the growing global biotech market,Leverage DSIR recognition and certifications to expand global market share and increase export value,https://www.trademo.com/companies/infinita-biotech-private-ltd/32635019,DSIR,claimed-verify,https://infinitabiotech.com/blog/dsir-recognized/,product_improvement,"moat, product_improvement",needs-review,,
Unisem Agritech Pvt. Ltd.,https://www.unisemagritech.com/,U01100KA2016PTC096390,private,Agricultural Seeds,hybrid-crop-seeds,Integrated seed health & quality check at each stage to ensure quality product,https://cutm.ac.in/wp-content/uploads/mou/11.%20MoU%20with%20UNISEM%20AGRITECH%20PVT.%20LTD.pdf,self-claimed,no,Verified,"IndiaMART, LinkedIn, Website",qualification-lock-in,stable,Holds a State Level Seed Dealer License Registration (LCSD2021120164),https://krishi.maharashtra.gov.in/Site/Upload/Pdf/MahaParwana_Firms_Data_Seed_7_QC.pdf?MenuID=1036,self-claimed,yes,Verified,"IndiaMART, Website",R&D setup recognized by the Indian Institute of Horticultural Research and DSIR,https://www.zoominfo.com/c/unisem-agritech/477699043,self-claimed,yes,Verified,"IndiaMART, Website",Integrated seed health & quality check at each stage to ensure quality product,Seed certification ensures quality and protects farmers from fraudulent practices,must-have,https://cutm.ac.in/wp-content/uploads/mou/11.%20MoU%20with%20UNISEM%20AGRITECH%20PVT.%20LTD.pdf,R&D setup recognized by the Indian Institute of Horticultural Research and DSIR,Agricultural seeds market is estimated to reach $116.3 Billion by 2034,strong,https://www.zoominfo.com/c/unisem-agritech/477699043,,,,,Potential for increased international market penetration beyond current 2 verified buyers,"Exported 46 shipments to 2 verified buyers across key markets, including Botswana",Limited international market reach despite export capability,Leverage existing export code and expand to more international markets,https://www.volza.com/company-profile/unisem-agritech-pvt-ltd-81233347/,Seed Dealer License,claimed-verify,https://krishi.maharashtra.gov.in/Site/Upload/Pdf/MahaParwana_Firms_Data_Seed_7_QC.pdf?MenuID=1036,moat,"moat, product_improvement",needs-review,,
Metlok Pvt. Ltd.,metlok.in,U24295KA2005PTC036555,private,Chemical Manufacturing,engineering-adhesives-sealants,"Leading indigenous high-technology adhesive and sealant manufacturer; customized solutions for automotive, electronics, and appliances",https://in.linkedin.com/company/metlok-pvt-ltd,self-claimed,yes,Verified,"ZoomInfo, IndiaMART, Website",qualification-lock-in,stable,ISO 9001:2015 certified organization with IATF certified management system,https://www.metlok.in/working-with-metlok/,self-claimed,yes,Verified,"IndiaMART, Website",Exclusive R&D facilities in Nagpur (Kalmeshwar) spread over 8000 sqft with modern testing instruments,https://www.metlok.in/working-with-metlok/,self-claimed,no,Verified,"IndiaMART, Website","Leading indigenous high-technology adhesive and sealant manufacturer; customized solutions for automotive, electronics, and appliances","India poised to become a global chemical manufacturing hub, with domestic demand for chemicals expected to increase to $850-1,000 billion by 2040",strong,https://in.linkedin.com/company/metlok-pvt-ltd,Exclusive R&D facilities in Nagpur (Kalmeshwar) spread over 8000 sqft with modern testing instruments,Increasing investments in R&D and tackling sustainability are driving India's specialty chemical manufacturing,strong,https://www.metlok.in/working-with-metlok/,,,,,Potential to expand global market share in chemical manufacturing given India's growth trajectory,"Supplies methacrylate-based anaerobic resin adhesives from W-27 MIDC facility in Kalmeshwar, Nagpur","Company's indigenous manufacturing and R&D capabilities are well-positioned for India's chemical industry growth, but current global footprint is not fully detailed.",Leverage 'Make in India' and 'Top 100 MSME' recognition to expand international exports beyond current supplier relationships.,https://in.linkedin.com/company/metlok-pvt-ltd,ISO 9001/IATF,claimed-verify,https://www.metlok.in/working-with-metlok/,moat,"differentiation, moat",needs-review,,
Nandani Medical Laboratories Pvt. Ltd.,https://www.nandanilab.net/,U24232MP1993PTC007447,private,Pharmaceutical Manufacturing,pharmaceutical-formulations,"Sterile injectable pharmaceutical manufacturing for human and veterinary healthcare, with over two decades of experience.",https://www.instagram.com/p/DahuQ5VD7Z6/,self-claimed,no,Verified,"LinkedIn, CPHI Online, Website",qualification-lock-in,stable,WHO-GMP & ISO 9001-2015 certified manufacturing plant.,https://nandanilab.net/terms-and-condition/,self-claimed,yes,Verified,"Website, WHO-GMP certification",DSIR recognized unit and R&D teams focus on new formulations and process optimization for sterile products.,https://iphex-india.com/exhibitor/exhibitors_list_2016,self-claimed,yes,Verified,"Website, LinkedIn","Sterile injectable pharmaceutical manufacturing for human and veterinary healthcare, with over two decades of experience.",Global pharmaceutical manufacturing market projected to reach $990.55 billion by 2033.,strong,https://www.instagram.com/p/DahuQ5VD7Z6/,WHO-GMP & ISO 9001-2015 certified manufacturing plant.,Increasing demand for quality and compliance in pharmaceutical manufacturing.,must-have,https://nandanilab.net/terms-and-condition/,DSIR recognized unit and R&D teams focus on new formulations and process optimization for sterile products.,"India announced a Rs. 60,000 crore API-push to boost domestic pharmaceutical manufacturing.",strong,https://iphex-india.com/exhibitor/exhibitors_list_2016,Potential to further leverage AI-enabled visual inspection systems for broader quality control applications.,70% improvement in detection efficiency for liquid injections (ampoules & vials) and dry powder injection vials.,"Advanced AI inspection systems are currently focused on specific product lines, leaving potential for wider application.",Expand the application of AI-enabled visual inspection systems to other product ranges or stages of manufacturing.,https://www.pharmabiz.com/NewsDetails.aspx?aid=180286&sid=2,DSIR,claimed-verify,https://iphex-india.com/exhibitor/exhibitors_list_2016,product_improvement,"moat, product_improvement",needs-review,,
Ador Powertron Ltd.,http://www.adorpowertron.com/,U31103PN1995PLC084268,unlisted-public,Electrical Equipment,electrostatic-precipitators-tr-sets,Only manufacturer in India having all Advanced Traffic Management Systems (ATMS) and road safety solutions,https://www.instagram.com/reel/DPYmGKvDRZD/,self-claimed,yes,Verified,"Screener.in, Stock Exchange BSE/NSE, LinkedIn",qualification-lock-in,stable,ISO 9001 and ISO 14001 certified with accreditations to Government of India R&D establishments and international CSA C-US and CE certification,https://www.adorups.com/about/iso/,self-claimed,no,Verified,"Website, LinkedIn",DSIR recognized in-house R&D unit since 1973; launched 500 MW green hydrogen factory and 30kW EV-charger power module,https://www.dsir.gov.in/static/uploads/2025/11/52f958662514cd533f9daab221e5572b.pdf,registry-confirmed,no,Verified,"Website, DSIR recognized",DSIR recognized in-house R&D unit since 1973; launched 500 MW green hydrogen factory and 30kW EV-charger power module,India's target of 500 GW non-fossil fuel-based power by 2030 and extended PM E-DRIVE scheme for public charging,must-have,https://www.dsir.gov.in/static/uploads/2025/11/52f958662514cd533f9daab221e5572b.pdf,Only manufacturer in India having all Advanced Traffic Management Systems (ATMS) and road safety solutions,"India's public-charging footprint set to rise under multi-year PM E-DRIVE visibility, with city clusters, metro/rail hubs and highway corridors prioritised",strong,https://www.instagram.com/reel/DPYmGKvDRZD/,,,,,"Capacity to produce 100,000 AC-DC converter modules annually for EV fast chargers",Supporting faster charger rollouts for charger OEMs and Charge Point Operators in India,"Significant manufacturing capacity for EV charger components is currently focused on domestic market, with potential for broader export.","Scale up export of indigenously designed and built AC-DC converter modules to G7 economies, leveraging existing expertise in energy transition technologies.",https://www.business-standard.com/content/specials/ador-powertron-unveils-a-30kw-ev-charger-power-module-to-strengthen-local-supply-chains-125102800303_1.html,DSIR,claimed-verify,https://www.dsir.gov.in/static/uploads/2025/11/52f958662514cd533f9daab221e5572b.pdf,differentiation,differentiation,needs-review,,
IP Rings Ltd.,www.iprings.com,L28920TN1991PLC020232,listed,Automotive Components,piston-rings-cold-formed-transmission-products,Pioneer and leader in Speciality Steel Piston Rings; only company in India for Orbital Cold Forming process for precision components,http://www.amalgamationsgroup.co.in/manufacturing-ip-rings-ltd.html,self-claimed,yes,Verified,"India Pistons Limited, IndiaMART, Website",qualification-lock-in,stable,"Certified for ISO/TS 16949:2009, EMS ISO 14001:2004, OHSAS 18001:2007",http://www.amalgamationsgroup.co.in/manufacturing-ip-rings-ltd.html,self-claimed,no,Verified,"Website, LinkedIn",R&D Accreditation awarded to IP Rings R&D Lab in 2004; developed ring pack for SUV diesel vehicles,https://iprings.com/our-profile/milestones/,self-claimed,yes,Verified,"Website, LinkedIn",Pioneer and leader in Speciality Steel Piston Rings; only company in India for Orbital Cold Forming process for precision components,"India automotive components market projected to reach USD 82.67 Billion by 2034, with engine parts leading",strong,http://www.amalgamationsgroup.co.in/manufacturing-ip-rings-ltd.html,R&D Accreditation awarded to IP Rings R&D Lab in 2004; developed ring pack for SUV diesel vehicles,Strategic investments in R&D activities and integration of lightweight materials are driving market share in India's auto component sector,strong,https://iprings.com/our-profile/milestones/,,,,,Expansion into the European market with dedicated machinery and facility upgrades,"Maintains a significant export presence in Thailand, the USA, and Europe",Untapped potential for deeper penetration and market share in the European automotive components market.,Leverage new facility at Maraimalai Nagar and capacity expansion to target European market growth.,https://trendlyne.com/equity/about/643/IPRINGLTD/i-p-rings-ltd/,DSIR,claimed-verify,https://iprings.com/our-profile/milestones/,product_improvement,"differentiation, product_improvement",needs-review,,
Naprod Life Sciences Pvt. Ltd.,https://www.naprod.in/,,private,Pharmaceuticals,oncology-anesthesia-formulations,Pioneer in Lyophilization in India with an ultra-modern manufacturing plant for oncology and other therapeutic applications,https://in.linkedin.com/company/naprod-life-sciences,self-claimed,yes,Verified,"LinkedIn, CPHI Online, Website",qualification-lock-in,stable,"Manufacturing facilities hold EU-GMP, ANVISA, PIC/S, and WHO-GMP certifications, enabling supply to Brazil and other PIC/S-aligned markets",https://medicaldialogues.in/news/industry/pharma/naprod-life-sciences-secures-anvisa-gmp-renewal-for-tarapur-facility-163122,third-party,no,Verified,"Website, EU-GMP approved",DSIR-recognized R&D Centre with a patent for a semi-synthetic method of paclitaxel and docetaxel (patent number: 264627),https://www.dsir.gov.in/static/uploads/2025/12/c759365b0de97a515b645ab234854805.pdf,registry-confirmed,no,Verified,"Website, DSIR recognized",Pioneer in Lyophilization in India with an ultra-modern manufacturing plant for oncology and other therapeutic applications,Oncology volumes are forecast to post the fastest 8.22% CAGR through 2031 in the Indian pharmaceutical market,strong,https://in.linkedin.com/company/naprod-life-sciences,"Manufacturing facilities hold EU-GMP, ANVISA, PIC/S, and WHO-GMP certifications, enabling supply to Brazil and other PIC/S-aligned markets","Brazil is a strategic market for Naprod, and the certification supports expansion and product commercialization",must-have,https://medicaldialogues.in/news/industry/pharma/naprod-life-sciences-secures-anvisa-gmp-renewal-for-tarapur-facility-163122,DSIR-recognized R&D Centre with a patent for a semi-synthetic method of paclitaxel and docetaxel (patent number: 264627),Patent expiries between 2026–2032 present significant opportunities for Indian pharma in the global generics landscape,strong,https://www.dsir.gov.in/static/uploads/2025/12/c759365b0de97a515b645ab234854805.pdf,Expand market share in the global generics landscape by leveraging patent expiry wave,"Currently a dominant player in Oncology and Anesthesia in India and globally, with market penetration in several countries across four continents",Untapped potential to capitalize on upcoming patent expiries in the generics market,Strategically position to capture long-term value in the evolving global generics landscape,https://www.linkedin.com/posts/naprod-life-sciences_naprod-expresspharma-pharmacy-activity-7448286495527936002-8dGE,Patent,claimed-verify,https://in.linkedin.com/company/naprod-life-sciences,differentiation,differentiation,needs-review,,
Mitra Industries Pvt. Ltd.,http://www.mitraindustries.com,U74999DL1995PTC065200,private,Medical Devices,peritoneal-dialysis-systems,,,,,,NaN - No differentiation data,,,,,,,,NaN - No data,,,,,Verified,NaN - No data,,,,,,,,,,,,,,,,,,,,,,,,,
Krish Biotech Research Pvt. Ltd.,http://krishbiotech.com/,,private,Contract Research,agrochemical-pharmaceutical-cro,"Autonomous contract research organization offering integrated services in discovery, development, and regulation across agrochemical, pharmaceutical, specialty chemical, medical device, nutraceutical, and cosmetics industries.",https://krishbiotech.com/,self-claimed,no,Verified,"ZoomInfo, IndiaMART, LinkedIn",qualification-lock-in,stable,"GLP certified by NGCMA, recognized by CIB & RC, accredited by NABL (ISO/IEC 17025:2005), certified by SENASA, and registered under CPCSEA.",https://krishbiotech.com/certifications/,self-claimed,no,Verified,"Website, GLP certified","DSIR recognized in-house R&D unit for indigenous technology promotion, development, utilization, and transfer.",https://krishbiotech.com/certifications/,self-claimed,yes,Verified,"Website, DSIR recognized","Autonomous contract research organization offering integrated services in discovery, development, and regulation across agrochemical, pharmaceutical, specialty chemical, medical device, nutraceutical, and cosmetics industries.",Rising demand for outsourcing services in India's pharmaceutical and biotechnology sectors.,strong,https://krishbiotech.com/,,,,,,,,,Capability to conduct multi-residue and antibiotic testing in export commodities.,Export of services as per section 2(6) of the Integrated Goods and Services Tax Act.,Untapped potential in specialized export commodity testing beyond general service exports.,Expand marketing and service offerings for specific export commodity testing.,https://krishbiotech.com/wp-content/uploads/2023/05/Krish-Biotech-final-Brochure_2023.pdf,DSIR,claimed-verify,https://krishbiotech.com/certifications/,product_improvement,product_improvement,needs-review,,
RV Lifesciences Ltd.,www.rvlifesciences.com,U24230MH1991PLC063442,unlisted-public,Pharmaceutical Manufacturing,generic-finished-dosage-formulations,"Manufactures generic finished dosage formulations, including vitamins (Celin 500) and antibiotics (Septran DS), tablets, and herbal capsules.",https://in.linkedin.com/in/ganeshmagar,self-claimed,no,Verified,"LinkedIn, RocketReach, Tendata",qualification-lock-in,stable,"Manufacturing facilities are approved by EU (Infarmed Portugal), PIC/S (Malaysia), WHO GMP, Russian GMP, Uzbekistan, and Tanzania; also ISO 9001:2015, 14001-2015, and 45001-2018 accredited.",https://rvgroups.co/en/manufacturing/,self-claimed,no,Verified,"Website, EU approved","DSIR-recognized in-house R&D unit for antiviral, anti-hypertensive, anti-diabetics, lipid lowering agents, analgesic, and antipyretic drugs.",https://www.dsir.gov.in/static/uploads/2025/11/52f958662514cd533f9daab221e5572b.pdf,registry-confirmed,no,Verified,"Website, DSIR recognized","Manufacturing facilities are approved by EU (Infarmed Portugal), PIC/S (Malaysia), WHO GMP, Russian GMP, Uzbekistan, and Tanzania; also ISO 9001:2015, 14001-2015, and 45001-2018 accredited.","Global pharmaceutical market projected to reach $2,832.66 billion by 2033.",strong,https://rvgroups.co/en/manufacturing/,"DSIR-recognized in-house R&D unit for antiviral, anti-hypertensive, anti-diabetics, lipid lowering agents, analgesic, and antipyretic drugs.",Focus on soon-to-be genericized products and strategic contract manufacturing for global MNCs.,must-have,https://www.dsir.gov.in/static/uploads/2025/11/52f958662514cd533f9daab221e5572b.pdf,,,,,"Potential to expand exports and establish new partnerships in Africa, specifically Ghana.",Exported 25 shipments to 7 verified buyers across key markets including Vietnam.,Untapped export potential in new markets despite existing capabilities.,Leverage Director's insights on choosing Ghana for expansion and actively seek new distributors.,https://www.instagram.com/reel/DMnafvnsLsC/,DSIR,not-found,https://www.dsir.gov.in/static/uploads/2025/11/52f958662514cd533f9daab221e5572b.pdf,product_improvement,,auto-confirmed,,"[identity 2026-07-14] Indiamart (source 2, 10) shows a partial CIN U24230MH****PLC****42 and lists 'R Kumar (Owner)' and 'Company CEO R Kumar', while also stating 'Legal Status of Firm: Limited Company'. LinkedIn (source 1) states 'Type: Privately Held'. Falconebiz (source 3) provides the full CIN U24230MH1991PLC063442 and refers to the company as 'RV LIFESCIENCES LTD company registration number is 063442 and its Corporate Identification Number(CIN) provided from MCA is'. Knowyourgst (source 13) states 'This is a Public Limited Company'. Given the full CIN and references to MCA and NCLAT (sources 6, 7, 8, 9), the company is registered under the Companies Act. The 'Privately Held' on LinkedIn likely refers to it being a subsidiary of a private group, not its legal status under Indian company law. The 'Public Limited Company' from Knowyourgst is consistent with the PLC in the CIN, but since it's a subsidiary and not listed on stock exchanges, 'unlisted-public' is the most accurate description."
Biophore India Pharmaceuticals Pvt. Ltd.,https://biophore.com/,,private,Pharmaceutical Manufacturing,active-pharmaceutical-ingredients,Develops and manufactures niche and complex Active Pharmaceutical Ingredients (APIs) for global markets.,https://biophore.com/,self-claimed,no,Verified,"ZoomInfo, PharmaCompass, LinkedIn",qualification-lock-in,stable,"Operates 4 US FDA and EU approved API manufacturing facilities, consistently ranking in the Top 10 US DMF filers.",https://www.pharmawalks.com/biophore-india-pharmaceuticals-walk-in-interview-on-30th-apr-4th-may-2024/,self-claimed,no,Verified,"Website, FDA approved","DSIR-recognized R&D with 400 scientists, 2 dedicated R&D facilities, and 150+ global patents.",https://www.pharmawalks.com/biophore-india-pharmaceuticals-walk-in-interview-on-30th-apr-4th-may-2024/,self-claimed,yes,Verified,"Website, DSIR recognized",Develops and manufactures niche and complex Active Pharmaceutical Ingredients (APIs) for global markets.,Indian government's API-push to boost domestic pharmaceutical manufacturing and cut import dependence.,strong,https://biophore.com/,"Operates 4 US FDA and EU approved API manufacturing facilities, consistently ranking in the Top 10 US DMF filers.",Global pharmaceutical manufacturing market projected to reach $990.55 billion by 2033.,strong,https://www.pharmawalks.com/biophore-india-pharmaceuticals-walk-in-interview-on-30th-apr-4th-may-2024/,"DSIR-recognized R&D with 400 scientists, 2 dedicated R&D facilities, and 150+ global patents.",Partnerships for research and development to bring innovative products in specific therapies.,strong,https://www.pharmawalks.com/biophore-india-pharmaceuticals-walk-in-interview-on-30th-apr-4th-may-2024/,Capability to export active substances for medicinal products to the EU.,Written Confirmation granted for export of active substances for human medicinal products to the EU.,EU export confirmation is granted but the scope of current monetization is not fully detailed.,,https://www.cdsco.gov.in/opencms/resources/UploadCDSCOWeb/2018/UploadInternationalCell/WC%20-0511%20-Biophore.pdf,DSIR,claimed-verify,https://www.pharmawalks.com/biophore-india-pharmaceuticals-walk-in-interview-on-30th-apr-4th-may-2024/,product_improvement,product_improvement,needs-review,,
Themis Medicare Ltd.,http://www.themismedicare.com,L24110GJ1969PLC001590,listed,Pharmaceuticals,injectable-formulations-apis,Develops high response differentiated injectables through platform technology with focus on ease-of-use and patient compliance.,https://www.themismedicare.com/,self-claimed,no,Verified,"LeadIQ, Synapse, MarketScreener",IP,stable,Breakthrough development of Diclofenac 75 mg / ml injection using patented technology.,https://www.indiamart.com/company/12264794/aboutus.html?srsltid=AfmBOopMMDQzxGNJuCtE9FxeYZZf64cPzm89FeQzwbczi7P9tmsNv2re,self-claimed,yes,Verified,"Website, 50+ patents","DSIR-approved research center since 2007, with over 50 patents granted.",https://www.themismedicare.com/innovations/,self-claimed,yes,Verified,"Website, DSIR approved","DSIR-approved research center since 2007, with over 50 patents granted.",Indian pharmaceutical market expected to grow to US$ 79.74 billion by 2031.,strong,https://www.themismedicare.com/innovations/,,,,,,,,,Potential to expand global market share with differentiated injectables and new drug delivery systems.,"Exports to over 44 countries, with a strategy to expand export presence.",Untapped potential to leverage R&D capabilities for greater global market penetration.,Focus on securing more regulatory approvals and expanding partnerships for technology transfer.,https://www.themismedicare.com/innovations/,DSIR,claimed-verify,https://www.themismedicare.com/innovations/,product_improvement,"moat, product_improvement",needs-review,,
Nico Orgo Marketing Pvt. Ltd.,http://www.neemnico.com,U01409GJ1998PTC033770,private,Pharmaceutical Manufacturing,nicotine-derivatives-api,"Manufacturer of USP/EP grade Nicotine, Nicotine lozenges, patches, snus, gum, and Bio Orgo organic plant growth stimulant",https://www.indiamart.com/nicoorgomarketing/profile.html?srsltid=AfmBOoqLK3j10eIhMyo6BAMLYFSTMM0nmIgFACPxAgmHHEDLczcMmQj3,self-claimed,no,Verified,"ZoomInfo, CPHI Online, Website",qualification-lock-in,stable,"Operates an ISO 6 Grade, WHO GMP clean factory for pharmaceutical-grade products",https://www.indiamart.com/nicoorgomarketing/profile.html?srsltid=AfmBOoqLK3j10eIhMyo6BAMLYFSTMM0nmIgFACPxAgmHHEDLczcMmQj3,self-claimed,no,Verified,"Website, WHO GMP","Has a fully equipped scientific laboratory, R&D Centre, and Research Farm; continuously adds new products to its portfolio",https://www.neemnico.com/about/,self-claimed,no,Verified,"Website, R&D Centre","Manufacturer of USP/EP grade Nicotine, Nicotine lozenges, patches, snus, gum, and Bio Orgo organic plant growth stimulant",Growing demand for nicotine benzoate in pharmaceutical and vaping sectors,strong,https://www.indiamart.com/nicoorgomarketing/profile.html?srsltid=AfmBOoqLK3j10eIhMyo6BAMLYFSTMM0nmIgFACPxAgmHHEDLczcMmQj3,"Operates an ISO 6 Grade, WHO GMP clean factory for pharmaceutical-grade products",Suppliers must comply with Good Manufacturing Practices (GMP) and relevant certifications,must-have,https://www.indiamart.com/nicoorgomarketing/profile.html?srsltid=AfmBOoqLK3j10eIhMyo6BAMLYFSTMM0nmIgFACPxAgmHHEDLczcMmQj3,,,,,Potential to expand market share in the growing pharmaceutical manufacturing market,"Leading USP/EP grade Nicotine supplier and manufacturer in India, exporting to USA, Colombia, Australia, South Africa, Bangladesh","Company is a leading supplier in India and exports internationally, but the global pharmaceutical market is still growing significantly, indicating further expansion opportunities.","Leverage ISO 6 Grade, WHO GMP clean factory and R&D capabilities to capture more of the expanding global pharmaceutical manufacturing market.",https://www.indiamart.com/nicoorgomarketing/profile.html?srsltid=AfmBOoqLK3j10eIhMyo6BAMLYFSTMM0nmIgFACPxAgmHHEDLczcMmQj3,,not-found,,,,auto-confirmed,,"[identity 2026-07-14] Tracxn.com shows a different CIN (L72200KA2012PLC065294) than Indiamart and Tofler, which both show U01409GJ1998PTC033770. Tofler is a company registry aggregator and is considered more authoritative for CINs."
Stanford Laboratories Pvt. Ltd.,https://www.stanlabs.com/,U74899DL1985PTC022656,private,Pharmaceutical Formulations,pharmaceutical-formulations,"Manufactures a wide range of life-saving drugs including ATT, antibiotics, anti-arthritic, anti-asthmatic, cardiovascular, and diabetic control drugs, with established brands like Dynaford and Stanex.",https://www.ambitionbox.com/overview/stanford-laboratories-overview,self-claimed,no,Verified,"CPHI Online, IndiaMART, Website",qualification-lock-in,stable,WHO GMP certified facility for manufacturing and marketing pharmaceutical formulations.,https://chemdmart.com/company-profile/stanford-laboratories-pvt-ltd,self-claimed,yes,Verified,"Website, WHO GMP",Operates its own R&D department with qualified professionals in a new ultra-modern plant in Himachal Pradesh.,https://www.ambitionbox.com/overview/stanford-laboratories-overview,self-claimed,no,Verified,"Website, R&D department","Manufactures a wide range of life-saving drugs including ATT, antibiotics, anti-arthritic, anti-asthmatic, cardiovascular, and diabetic control drugs, with established brands like Dynaford and Stanex.","India pharmaceutical market projected to reach USD 174.67 Billion by 2034, driven by rising chronic disease prevalence and demand for pharmaceutical drugs.",strong,https://www.ambitionbox.com/overview/stanford-laboratories-overview,WHO GMP certified facility for manufacturing and marketing pharmaceutical formulations.,India's pharmaceutical sector benefits from a favorable regulatory environment supporting global exports to regulated markets.,strong,https://chemdmart.com/company-profile/stanford-laboratories-pvt-ltd,Operates its own R&D department with qualified professionals in a new ultra-modern plant in Himachal Pradesh.,"India's pharmaceutical market is on a robust growth trajectory, driven by accelerating biomedical innovation.",strong,https://www.ambitionbox.com/overview/stanford-laboratories-overview,Potential for increased global exports and foreign collaborations due to changing global needs.,Operates majorly in Northern India with established brand names.,Untapped potential for global market expansion beyond current Northern India focus.,Work out foreign collaborations to meet changing global scenario needs.,https://www.ambitionbox.com/overview/stanford-laboratories-overview,WHO GMP,claimed-verify,https://chemdmart.com/company-profile/stanford-laboratories-pvt-ltd,moat,moat,needs-review,,
HOYA Surgical Optics,hoya.com,U51909DL2011FTC226966,private,Medical Devices,intraocular-lenses-injectors,World-leading preloaded intraocular lenses (IOLs) and specialized support,https://www.hoyasurgicaloptics.com/about-us,self-claimed,yes,Verified,"HOYA Corporation, LinkedIn, Website",qualification-lock-in,stable,FDA approval for commercial distribution of clear foldable hydrophobic acrylic IOLs,https://www.ophthalmologytimes.com/view/hoya-clear-optic-iols-gain-fda-approval,third-party,no,Verified,"Website, FDA approval","Global R&D center in Singapore for new IOL products and technologies, in addition to existing Japan center",https://www.hoya.com/wp-content/uploads/2018/01/16jan18.pdf,self-claimed,no,Verified,"Website, Singapore R&D","Global R&D center in Singapore for new IOL products and technologies, in addition to existing Japan center","Growing burden of cataract worldwide, especially in Asia",must-have,https://www.hoya.com/wp-content/uploads/2018/01/16jan18.pdf,,,,,,,,,,,,,,,not-found,,differentiation,differentiation,needs-review,,"[identity 2026-07-14] Tracxn states the company is based in Singapore and unfunded, while an official document from MTAI India provides an Indian CIN, indicating it is a company registered under Indian law. The presence of an Indian CIN (U51909DL2011FTC226966) overrides the Singapore-based information for the purpose of Indian company identity fields. The GST registration and 'Service Provider and Others' nature of business mentioned in Indiamart and Rocketreach are consistent with a private limited company operating in India."
Raghu Vamsi Group,comprotechengineering.in,,private,Aerospace & Defense Manufacturing,aerospace-defense-components-uavs,"Manufactures high precision, life critical products for Aerospace, Defence, Space, Oil & Gas, and Medical sectors.",https://www.facebook.com/IndiaStrategic/posts/raghu-vamsi-aerospace-group-lays-foundation-stone-to-build-new-facility-in-hyder/1034816708655123/,self-claimed,yes,Verified,"LinkedIn, Company directories",qualification-lock-in,stable,"AS 9100 C certified for high precision engineering components, mechanical sub-assemblies, and tooling systems.",https://in.linkedin.com/company/raghu-vamsi-group,self-claimed,yes,Verified,"Website, AS 9100 certified","New facility dedicated to R&D, assembly, and manufacturing; developing RV ASTRA jet powered systems.",https://www.facebook.com/IndiaStrategic/posts/raghu-vamsi-aerospace-group-lays-foundation-stone-to-build-new-facility-in-hyder/1034816708655123/,self-claimed,yes,Verified,"Website, Dedicated R&D facility","Manufactures high precision, life critical products for Aerospace, Defence, Space, Oil & Gas, and Medical sectors.",India's indigenization drive and domestic industry capital procurement for defence equipment.,strong,https://www.facebook.com/IndiaStrategic/posts/raghu-vamsi-aerospace-group-lays-foundation-stone-to-build-new-facility-in-hyder/1034816708655123/,"New facility dedicated to R&D, assembly, and manufacturing; developing RV ASTRA jet powered systems.",Growing demand for UAVs and autonomous defence products.,strong,https://www.facebook.com/IndiaStrategic/posts/raghu-vamsi-aerospace-group-lays-foundation-stone-to-build-new-facility-in-hyder/1034816708655123/,"AS 9100 C certified for high precision engineering components, mechanical sub-assemblies, and tooling systems.","Strict standards like AS9100, ITAR, and NADCAP govern the aerospace and defense supply chain.",must-have,https://in.linkedin.com/company/raghu-vamsi-group,Potential to expand market share in global aerospace and defense by leveraging new facilities and R&D.,"Current order book of ₹1,500 crore for the next three years and expected revenues to cross ₹500 crore this year.","Significant investment in new facilities and R&D for UAVs and autonomous systems, but current revenue and order book indicate room for further monetization.",Scale up production and R&D capabilities in new facilities to capture more value from growing demand for indigenous defence and aerospace products.,https://www.thehindu.com/news/cities/Hyderabad/raghu-vamsi-opens-new-facility-unveils-six-uav-autonomous-defence-products/article70399648.ece,AS9100,claimed-verify,https://in.linkedin.com/company/raghu-vamsi-group,moat,"differentiation, moat, product_improvement",needs-review,,
PTC Industries Limited,ptcil.com,L27109UP1963PLC002931,listed,Metal Casting,aerospace-industrial-titanium-castings,"Manufacturer of high-quality engineering components for critical and super-critical applications for over 56 years, exporting over 75% of products to global customers like Rolls Royce, Siemens, GE, Alstom, Metso, and Emerson.",https://www.ptcil.com/corporate/History,self-claimed,no,Verified,"DSIR database, Website",qualification-lock-in,stable,"Sole Indian supplier of advanced titanium VAR technology, and Green Channel Status by DGQA for defense manufacturing.",https://www.ptcil.com/PDF/Investors/press-releases/2025/PTC-Industries-Reports-Robust-Financial-Performance-for-Q4-&-FY25.pdf,self-claimed,no,Verified,"Website, DSIR recognized lab","Recognized R&D Lab by DSIR, Government of India, with numerous accolades for pioneering research and a host of licensed and patented technologies like Replicast®, Rapidcast™, Forgecast™.",https://www.ptcil.com/AdvancedManufacturing/ResearchandInnovation,self-claimed,yes,Verified,"Website, DSIR lab","Manufacturer of high-quality engineering components for critical and super-critical applications for over 56 years, exporting over 75% of products to global customers like Rolls Royce, Siemens, GE, Alstom, Metso, and Emerson.","Global supply chain realignment prompting diversification of manufacturing bases, with India emerging as a key hub for precision manufacturing.",strong,https://www.ptcil.com/corporate/History,"Sole Indian supplier of advanced titanium VAR technology, and Green Channel Status by DGQA for defense manufacturing.",Significant opportunities in industrial casting exports due to global manufacturing shifts.,strong,https://www.ptcil.com/PDF/Investors/press-releases/2025/PTC-Industries-Reports-Robust-Financial-Performance-for-Q4-&-FY25.pdf,,,,,Capacity to serve growing global demand for industrial casting exports.,Currently serves global OEMs across multiple sectors from its Mehsana facility.,Expansion of Mehsana facility to capture global supply chain opportunities.,"Increase capacity by multiple times over the next few years with advanced manufacturing equipment, robotic systems, and automated fettling technologies.",https://www.ptcil.com/PDF/Investors/press-releases/2026/PTC-Industries-Announces-Major-Expansion-at-its-Gujarat-Facility-to-Capture-Global-Supply-Chain-Opportunities.pdf,DSIR,claimed-verify,https://www.ptcil.com/AdvancedManufacturing/ResearchandInnovation,product_improvement,product_improvement,needs-review,,
GLINT COSMETICS PVT. LTD.,glintcosmeticsindia.com,,private,Cosmetics & Personal Care,private-label-cosmetics-manufacturing,"End-to-end manufacturer, white label supplier, and exporter of 3500+ skincare, baby care, bath, and personal care products to 55+ countries",https://in.linkedin.com/company/glint-cosmetics-pvt-ltd,self-claimed,no,Verified,"IndiaMART, Website, DSIR",qualification-lock-in,stable,"Manufacturing is certified with GMP, ISO, FDA, and Halal standards",https://in.linkedin.com/company/glint-cosmetics-pvt-ltd,self-claimed,no,Verified,"Website, GMP certified","DSIR approved R&D unit with in-house R&D, formulation, packaging, regulatory, and quality control teams",https://device.report/m/2358eb5d60a08139b71833b6364924980f0715c8d27caf6c67f19ba537eb8b2b,self-claimed,yes,Verified,"Website, DSIR approved","End-to-end manufacturer, white label supplier, and exporter of 3500+ skincare, baby care, bath, and personal care products to 55+ countries",Growing consumer spending on cosmetics & personal care products,strong,https://in.linkedin.com/company/glint-cosmetics-pvt-ltd,"Manufacturing is certified with GMP, ISO, FDA, and Halal standards",Cosmetic and personal care brands expanding into global markets face strict regulatory and documentation,must-have,https://in.linkedin.com/company/glint-cosmetics-pvt-ltd,,,,,Ability to export drug products to the US market,Suspended exports to the USA due to CGMP violations and unapproved new drugs,US FDA import alert restricts drug product exports despite manufacturing capabilities,Address CGMP violations and obtain FDA approval for drug products to resume US exports,https://www.fda.gov/inspections-compliance-enforcement-and-criminal-investigations/warning-letters/glint-cosmetics-pvt-ltd-573468-05312019,DSIR,claimed-verify,https://device.report/m/2358eb5d60a08139b71833b6364924980f0715c8d27caf6c67f19ba537eb8b2b,product_improvement,product_improvement,needs-review,,
SHR Lifestyles Pvt Ltd,shreelifestyle.com,U19200DL2011PTC224111,private,Apparel Manufacturing,women-ethnic-wear,"Homegrown brand offering a wide range of ethnic wear for women, including ethnic sets, dresses, and tunics",https://www.indianretailer.com/interview/retail-people/startup/shree-the-indian-avatar-continuously-pivoting-innovating-to-navigate-through-the-pandemic.i1898,third-party,no,Verified,"IndiaMART, LinkedIn, Website",brand,stable,Earned customer trust due to optimum quality products and appealing designs,https://www.indiamart.com/shrlifestyles/profile.html?srsltid=AfmBOopq4aVU-r-tfvx1SJBPNEWEydOH89DYHMa17c2HUUYlHkJDKrE4,self-claimed,no,Verified,"Website, Quality certified",Operates an in-house research and development centre,https://www.indianretailer.com/news/retail-india-news-shree-aims-rs-1000-cr-revenue-retail-expansion,third-party,no,Verified,"Website, In-house R&D","Homegrown brand offering a wide range of ethnic wear for women, including ethnic sets, dresses, and tunics",India Apparel Market experiencing dynamic shift towards e-commerce and sustainability,strong,https://www.indianretailer.com/interview/retail-people/startup/shree-the-indian-avatar-continuously-pivoting-innovating-to-navigate-through-the-pandemic.i1898,Operates an in-house research and development centre,Position captive centers as R&D hubs for next-gen technology by 2030-2035,must-have,https://www.indianretailer.com/news/retail-india-news-shree-aims-rs-1000-cr-revenue-retail-expansion,,,,,"Potential to expand retail footprint to 400 outlets, including 25-30 'Beyond Special' stores",,,"Expand to 400 outlets, including 25-30 'Beyond Special' stores, to target Rs 1,000 crore revenue by 2031",https://www.instagram.com/p/DYe1L1XieqE/?hl=en,,not-found,,,,auto-confirmed,,
Goodwear Fashions Pvt. Ltd.,goodwear.in,,private,Textile Manufacturing,woven-knitted-non-woven-interlinings,"Pioneer in manufacturing high-end woven and knitted interlinings in India since 2005, with 25+ years of technical expertise and a fully vertically integrated setup.",https://in.linkedin.com/company/goodwear,self-claimed,yes,Verified,"IndiaMART, Website, DSIR",qualification-lock-in,stable,Offers GRS-certified interlinings and is an approved supplier for BESTSELLER's CTF.,https://in.linkedin.com/company/goodwear,self-claimed,no,Verified,"Website, GRS certified",DSIR Certified R&D Centre and Star Export House.,https://www.sidm.in/files/SIDM%20Members%20Directory%202020-21.pdf,self-claimed,yes,Verified,"Website, DSIR Centre","Pioneer in manufacturing high-end woven and knitted interlinings in India since 2005, with 25+ years of technical expertise and a fully vertically integrated setup.",Rising consumer demand for diverse fabric varieties and increasing preference for eco-friendly textiles.,strong,https://in.linkedin.com/company/goodwear,Offers GRS-certified interlinings and is an approved supplier for BESTSELLER's CTF.,Increasing preference for eco-friendly textiles and demand for sustainable production.,strong,https://in.linkedin.com/company/goodwear,,,,,"Potential to expand market share in the growing Indian textile market and export markets, leveraging its vertically integrated setup and R&D capabilities.","Delivering high-quality, Made-in-India interlining solutions to leading apparel manufacturers in domestic and export markets, with a capacity exceeding 2 million meters per month.","Significant production capacity and R&D capabilities are in place, but the extent of market capture in the growing textile industry is not fully detailed.",Leverage DSIR certification and GRS-certified products to capture a larger share of the expanding eco-friendly textile market and government-backed initiatives.,https://in.linkedin.com/company/goodwear,DSIR,claimed-verify,https://www.sidm.in/files/SIDM%20Members%20Directory%202020-21.pdf,product_improvement,"differentiation, product_improvement",needs-review,,
Nexco Pharma,nexco-pharma.com,,,Pharmaceuticals,porcine-liver-extract-formulations,"Nexavir, a processed porcine liver extract, treats inflammatory skin disorders, herpes zoster, and chronic fatigue syndrome.",https://www.nexco-pharma.com/nexavirs-benefits-to-cfs-cases,self-claimed,no,Verified,"Website, LinkedIn, Medical directories",qualification-lock-in,stable,"Nexavir is FDA approved on a ""grandfathered"" basis due to its long safety record and pre-FDA development.",https://www.nexco-pharma.com/,self-claimed,no,Verified,"Website, FDA approved",Developed Nexavir in cream/gel forms and is working on other delivery forms and strengths.,https://www.nexco-pharma.com/history,self-claimed,no,Verified,"Website, Product development","Nexavir, a processed porcine liver extract, treats inflammatory skin disorders, herpes zoster, and chronic fatigue syndrome.","Treatment for diverse chronic ailments, including Long COVID and Hepatitis C.",strong,https://www.nexco-pharma.com/nexavirs-benefits-to-cfs-cases,Developed Nexavir in cream/gel forms and is working on other delivery forms and strengths.,Deliver top-notch treatment for diverse chronic ailments.,strong,https://www.nexco-pharma.com/history,,,,,"Potential for Nexavir to treat Long COVID and Hepatitis C, and aid HIV/AIDS patients.","Nexavir is used for inflammatory skin disorders, herpes zoster, and chronic fatigue syndrome.","Untapped potential for Nexavir in treating Long COVID, Hepatitis C, and HIV/AIDS.","Conduct multi-center, double-blind studies to prove efficacy and determine right dosage for new indications.",https://www.nexco-pharma.com/history,,not-found,,,,auto-confirmed,,
CHANDRA BHAGAT PHARMA PVT LTD,https://cbcpharma.com/,,private,Pharmaceutical Manufacturing,life-saving-pharmaceutical-formulations,"Offers a specialty range of life-saving medicines, including antibiotics, anti-neoplastic, and cardiovascular medications",https://www.tijorifinance.com/company/chandra-bhagat-pharma-ltd/,self-claimed,no,Verified,"HDFC Securities, Screener.in, LinkedIn",qualification-lock-in,stable,Holds TUV Nord ISO 9001 certification,https://www.mims.com/india/company/info/chandra-bhagat-pharma/about,self-claimed,yes,Verified,"Website, ISO 9001",Operates a specialized in-house and DSIR recognized R&D unit,https://iphex-india.com/exhibitor/exhibitors_list_2016,self-claimed,yes,Verified,"Website, DSIR recognized",Operates a specialized in-house and DSIR recognized R&D unit,India's pharmaceutical manufacturing market is projected to reach USD 36.5 Billion by 2034,strong,https://iphex-india.com/exhibitor/exhibitors_list_2016,"Offers a specialty range of life-saving medicines, including antibiotics, anti-neoplastic, and cardiovascular medications","India announced a Rs. 60,000 crore API-push to boost domestic pharmaceutical manufacturing",strong,https://www.tijorifinance.com/company/chandra-bhagat-pharma-ltd/,,,,,Potential to expand global market share beyond current 0.9% in Amikacin exports,Currently #15 Indian exporter of Amikacin with $200.0K export value and 0.9% market share,Low market share in Amikacin exports despite being a verified exporter,Leverage existing DGFT verification and export network to increase Amikacin export value and market share,https://transdatanexus.com/pharmaceutical/amikacin/suppliers/chandra-bhagat-pharma-pvt-ltd/,DSIR,claimed-verify,https://iphex-india.com/exhibitor/exhibitors_list_2016,product_improvement,"moat, product_improvement",needs-review,,"[identity 2026-07-14] LinkedIn describes the company as 'Public Company' and 'public listed company', but other sources (Care Ratings, company website, GST records, Zauba, JustDial, Scribd, Zoominfo, 1mg, Pharmexcil) consistently refer to it as 'Pvt Ltd' or 'Private Limited', and the company website lists 'Mr. Hemant C. Bhagat Managing Director at Chandra Bhagat Pharma Ltd' and 'Mr. Pranav H. Bhagat Whole Time Director at Chandra Bhagat Pharma Ltd' and 'Ms. Prachi Pranav Bhagat Executive Director and CFO at Chandra Bhagat Pharma Ltd', which is consistent with a private limited company. Given the overwhelming evidence for 'Pvt Ltd' and the company's own website, 'private' is chosen over 'public listed'."
HINDUSTAN PHARMACEUTICALS,https://www.hugedomains.com/domain_profile.cfm?d=hindustanpharmaceuticals.com,,sole-proprietorship,Herbal Pharmaceuticals,herbal-extracts-medicines,Pioneer in the production of alkaloids in India,https://ipindia.gov.in/storage/patent-agent-examination/PAE_2025-Paper-I-SET_B.pdf,registry-confirmed,no,Verified,"BulkDrugs Directory, Website",qualification-lock-in,stable,"Holds WHO-GMP/WHO-CGMP, TUV Nord ISO 9001, and USFDA site registrations",https://chemdmart.com/company-profile/hindustan-pharmaceuticals,self-claimed,yes,Verified,"Website, WHO-GMP certified",Patented a drug important for public health in India; establishing in-house R&D center,https://ipindia.gov.in/storage/patent-agent-examination/PAE_2025-Paper-I-SET_B.pdf,self-claimed,yes,Verified,"Website, Patented drug",Pioneer in the production of alkaloids in India,Herbal pharmaceuticals lead the herbal medicine market share,strong,https://ipindia.gov.in/storage/patent-agent-examination/PAE_2025-Paper-I-SET_B.pdf,Patented a drug important for public health in India; establishing in-house R&D center,Increasing consumer awareness about benefits of natural remedies and traditional medicine,strong,https://ipindia.gov.in/storage/patent-agent-examination/PAE_2025-Paper-I-SET_B.pdf,"Holds WHO-GMP/WHO-CGMP, TUV Nord ISO 9001, and USFDA site registrations",Planning to pursue herbal essentials for export markets,must-have,https://chemdmart.com/company-profile/hindustan-pharmaceuticals,Exporting herbal essentials to international markets,"Specializes in providing treatment for common health issues like diabetes, blood pressure, chronic cough and arthritis in India",Untapped potential for international herbal product exports despite existing certifications and stated intent.,"Scale up production and distribution of herbal essentials for export markets, leveraging existing certifications.",https://www.business-standard.com/article/companies/hindustan-biosynth-to-acquire-hind-pharma-108041001065_1.html,USFDA,claimed-verify,https://pharmexcil.com/uploadfile/ufiles/1452307478_List_of_Indian_Sites_Registered_at_USFDA_2011.pdf,moat,"moat, product_improvement",needs-review,,"[identity 2026-07-14] Multiple GST registrations found for 'Hindustan Pharmaceuticals' with different GSTINs and entity types. Source 9 explicitly states 'HINDUSTAN PHARMACEUTICALS legal entity type is PROPRIETORSHIP' and names Sanjeev Kumar as the owner. Source 13 states 'Hindustan Pharmaceuticals is registered as a Partnership' for a different GSTIN. The official website is a domain for sale, providing no company information. Given the explicit naming of a single owner and proprietorship status in source 9, this is chosen as the primary identity for this response, but it's important to note the existence of other entities with similar names and different legal structures."
LYKA BDR INTERNATIONAL LTD,https://www.bdrpharma.com/,U24234MH1993PLC072947,unlisted-public,Pharmaceutical Formulations,life-saving-pharmaceutical-formulations,"Manufacturer of pharmaceutical formulations and active pharmaceutical ingredients (APIs) across various therapeutic areas, including lyophilized injections, topical creams, ointments, and gels.",https://chemdmart.com/company-profile/lyka-bdr-international-ltd,third-party,no,Verified,"CPHI Online, IndiaMART, Website",qualification-lock-in,stable,Operates a WHO GMP and ISO 9001 certified facility.,https://chemdmart.com/company-profile/lyka-bdr-international-ltd,third-party,no,Verified,"Website, WHO GMP",Equipped Research and Development facility in Mumbai managed by a team of technically qualified personnel.,http://www.lykalabs.com/2017-18.pdf,self-claimed,no,Verified,"Website, R&D facility","Manufacturer of pharmaceutical formulations and active pharmaceutical ingredients (APIs) across various therapeutic areas, including lyophilized injections, topical creams, ointments, and gels.","India pharmaceutical market projected to reach USD 174.67 Billion by 2034, growing at a CAGR of 10.98%.",strong,https://chemdmart.com/company-profile/lyka-bdr-international-ltd,,,,,,,,,Potential to leverage existing investments and loans in Lyka BDR International Limited for future growth.,Investments and loans in Lyka BDR International Limited have been impaired to Nil due to continuous operational losses and severe erosion of net worth.,Significant impairment loss on investment in subsidiary due to operational losses.,,https://scanx.trade/stock-market-news/companies/lyka-labs-posts-fy26-net-loss-of-322-84-crore/41250978,,not-found,,,,auto-confirmed,,
NGL FINE CHEM LTD,https://www.nglfinechem.com/,L24110MH1981PLC025884,listed,Pharmaceuticals,animal-human-apis-specialty-chemicals,"Leading manufacturer of APIs and specialty chemicals for animal and human health, with over 40 years of expertise.",https://www.nglfinechem.com/,self-claimed,yes,Verified,"ZoomInfo, CPHI Online, PharmaCompass",qualification-lock-in,stable,"Holds GMP, WHO-GMP/WHO-CGMP, and ISO 9001:2015 certifications, enabling manufacturing and export.",https://www.scribd.com/document/820280852/GMP-F11-pdf,self-claimed,yes,Verified,"Website, GMP certified",70+ dedicated R&D professionals and 5 advanced manufacturing facilities support new product development.,https://www.nglfinechem.com/,self-claimed,no,Verified,"Website, 70+ R&D professionals","Leading manufacturer of APIs and specialty chemicals for animal and human health, with over 40 years of expertise.",Indian pharmaceutical market expected to grow to US$ 79.74 billion by 2031.,strong,https://www.nglfinechem.com/,"Holds GMP, WHO-GMP/WHO-CGMP, and ISO 9001:2015 certifications, enabling manufacturing and export.",India's growing network of trade agreements is expanding global market access for pharmaceuticals.,strong,https://www.scribd.com/document/820280852/GMP-F11-pdf,,,,,50% capacity expansion at Tarapur with sufficient capacity for new products in the pipeline.,Implementation of expansion slowed due to high commodity prices; facility expected to commercialize in FY24.,"Expansion for new products is underway but delayed, limiting immediate monetization of new product capacity.",Complete greenfield expansion to fully utilize new product capacity and meet demand.,https://www.indianchemicalnews.com/chemical/ngl-fine-chem-planning-greenfield-expansion-at-tarapur-14456,Certification,claimed-verify,https://www.scribd.com/document/820280852/GMP-F11-pdf,moat,"differentiation, moat",needs-review,,
OM BIOTEC,https://www.ombiotec.com/,,sole-proprietorship,Pharmaceutical Products,generic-pharmaceutical-formulations,"Manufacturer, wholesale trader, and exporter of pharmaceutical tablets, ointments, capsules, injections, syrups, eye/ear drops, Ayurvedic range, nutraceuticals, protein powders, dental care, and medicated soaps.",https://www.indiamart.com/om-biotec-new-delhi/profile.html?srsltid=AfmBOop6EFuCZ62HyXaLCh6lle247FgfslexrjENdYJD3uuq22H5GGRt,self-claimed,no,Verified,"IndiaMART, ExportersIndia, Website",qualification-lock-in,stable,ISO 9001:2015 certified manufacturer and exporter of pharmaceutical products; GMP/WHO Certified Products.,https://www.ombiotec.com/,self-claimed,yes,Verified,"Website, ISO 9001",Able to develop new formulations as per requirement in all dosage forms.,https://www.indiamart.com/om-biotec-new-delhi/profile.html?srsltid=AfmBOop6EFuCZ62HyXaLCh6lle247FgfslexrjENdYJD3uuq22H5GGRt,self-claimed,no,Verified,"Website, Formulation development","Manufacturer, wholesale trader, and exporter of pharmaceutical tablets, ointments, capsules, injections, syrups, eye/ear drops, Ayurvedic range, nutraceuticals, protein powders, dental care, and medicated soaps.",Growing international demand for pharmaceutical products.,strong,https://www.indiamart.com/om-biotec-new-delhi/profile.html?srsltid=AfmBOop6EFuCZ62HyXaLCh6lle247FgfslexrjENdYJD3uuq22H5GGRt,,,,,,,,,Potential to expand market reach and business through exclusive Monopoly Pharma Franchise rights.,Provides distributors and pharmaceutical professionals throughout India with career development opportunities and systematic support.,Untapped potential in leveraging exclusive franchise rights for broader market expansion.,Expand the provision of exclusive Monopoly Pharma Franchise rights to partners in designated locations to capture more value from market expansion.,https://www.ombiotec.com/,ISO 9001,claimed-verify,https://www.ombiotec.com/,moat,moat,needs-review,,
THEMIS MEDICARE LTD,https://themislabs.com/,L24110GJ1969PLC001590,listed,Pharmaceuticals,injectable-formulations-apis,"Fully integrated, research-based healthcare provider with own research products, specializing in differentiated parenterals and new drug delivery systems.",https://www.themismedicare.com/innovations/,self-claimed,no,Verified,"LeadIQ, Synapse, MarketScreener",IP,stable,"Granted more than 50 patents, including platform technologies, drug substances, drug products, IP on polymorphs, and medical devices.",https://www.themismedicare.com/innovations/,self-claimed,yes,Verified,"Website, 50+ patents",DSIR-approved R&D center (started 2007) with 25+ scientists developing new pharmaceutical dosage forms and drug delivery systems.,https://www.themismedicare.com/innovations/,self-claimed,yes,Verified,"Website, DSIR approved","Fully integrated, research-based healthcare provider with own research products, specializing in differentiated parenterals and new drug delivery systems.",Indian pharmaceutical market expected to grow to US$ 79.74 billion by 2031.,strong,https://www.themismedicare.com/innovations/,DSIR-approved R&D center (started 2007) with 25+ scientists developing new pharmaceutical dosage forms and drug delivery systems.,Indian drugmakers increasingly using AI in R&D to lower costs and shorten drug development timelines.,strong,https://www.themismedicare.com/innovations/,,,,,Potential to expand market share and revenue through differentiated injectables and new drug delivery systems.,"Revenue growth of 8.5% per year, but EPS dropped 16% per year over five years.","Revenue growth is not translating to EPS growth, indicating potential for better monetization of R&D output.","Focus on converting R&D breakthroughs and product pipeline into higher-margin, commercially successful products.",https://simplywall.st/stocks/in/pharmaceuticals-biotech/nse-themismed/themis-medicare-shares/news/even-though-themis-medicare-nsethemismed-has-lost-998m-marke,Patent,claimed-verify,https://www.themismedicare.com/innovations/,moat,"moat, product_improvement",needs-review,,
SANJAY TECHNO PRODUCTS PRIVATE LIMITED,https://sanjaygroup.in,U25200MH1996PTC102507,private,Automotive Plastic Components,automotive-injection-molded-plastic-components,"Manufactures plastic automotive parts for 2W, 3W, and 4Wheelers, processing 20 engineering plastic materials; in-house paint shop",https://www.linkedin.com/company/sanjay-techno-products-pvt-ltd,self-claimed,no,Verified,"IndiaMART, ExportersIndia, Website",qualification-lock-in,stable,Working with various ISO14001 & OHSAS 18000 Certification,https://www.scribd.com/document/441793065/Sanjay-Group-introduction-final-report-22,self-claimed,no,Verified,"Website, ISO certified",Focus on new product development for critical parts; launched IoT-based real-time production tracking system with proprietary software,https://www.linkedin.com/posts/themachinemaker_how-sanjay-techno-products-is-driving-automotive-activity-7426632972923027456-ax8x,self-claimed,no,Verified,"Website, Product development","Manufactures plastic automotive parts for 2W, 3W, and 4Wheelers, processing 20 engineering plastic materials; in-house paint shop","India automotive plastics market valued at US$ 2,147.1 billion in 2025, anticipated to expand rapidly at a CAGR of 10.1% to reach US$ 4,210.8 billion by 2032",must-have,https://www.linkedin.com/company/sanjay-techno-products-pvt-ltd,Focus on new product development for critical parts; launched IoT-based real-time production tracking system with proprietary software,"Consistent growth in R&D investments in the Indian automotive market, replacement rate of metal parts with plastic ones anticipated to gain more traction",strong,https://www.linkedin.com/posts/themachinemaker_how-sanjay-techno-products-is-driving-automotive-activity-7426632972923027456-ax8x,,,,,Proprietary IoT-based real-time production tracking system could be offered as a service to other manufacturers,Used internally for predictive maintenance and paperless factory operations,Internal proprietary IoT system has external commercial potential,Explore commercialization of proprietary IoT-based production tracking system as a service,https://www.linkedin.com/posts/themachinemaker_how-sanjay-techno-products-is-driving-automotive-activity-7426632972923027456-ax8x,,not-found,,,,auto-confirmed,,
DANISH POWER LIMITED,https://danish.co.in,U31200RJ1985PLC003346,unlisted-public,Electrical Equipment,power-distribution-transformers-substations,"Manufactures inverter duty, power, distribution, furnace, and traction transformers, plus control relay panels and substation automation.",https://valueeducator.substack.com/p/danish-power-limited-indias-hidden,self-claimed,no,Verified,"IndiaMART, LinkedIn, Website",scale,stable,"40 years of experience in transformer manufacturing, with facilities capable of 11,000 MVA per annum post-expansion.",https://valueeducator.substack.com/p/danish-power-limited-indias-hidden,self-claimed,no,Verified,"Website, 40 years experience",Operates two manufacturing facilities with advanced machinery like vacuum drying ovens and CNC winding machines.,https://x.com/LnprCapital/status/1919665270953803917?lang=en,self-claimed,no,Verified,"Website, Advanced manufacturing","Manufactures inverter duty, power, distribution, furnace, and traction transformers, plus control relay panels and substation automation.","India's power infrastructure buildout, renewable energy targets, data center expansion, and EV revolution drive transformer demand.",must-have,https://valueeducator.substack.com/p/danish-power-limited-indias-hidden,"40 years of experience in transformer manufacturing, with facilities capable of 11,000 MVA per annum post-expansion.",India lacks sufficient manufacturing capacity for transformers to meet current and future demand.,must-have,https://valueeducator.substack.com/p/danish-power-limited-indias-hidden,Operates two manufacturing facilities with advanced machinery like vacuum drying ovens and CNC winding machines.,"India's electrical equipment market is projected to grow significantly, requiring scaled domestic manufacturing.",strong,https://x.com/LnprCapital/status/1919665270953803917?lang=en,Potential to significantly increase export contribution beyond current levels.,,,Double export contributions to 20% by FY27.,https://x.com/LnprCapital/status/1919665270953803917?lang=en,,not-found,,,,auto-confirmed,,
TARANG ENGINEERING PVT LTD,https://petarang.com,,private,Electrical Components,transformer-radiators,"Manufacturer and exporter of pressed steel radiators for electrical transformers (power & distribution), including hot dip galvanized and stainless steel types",https://www.petarang.com/about,self-claimed,no,Verified,"IndiaMART, ExportersIndia, Website",qualification-lock-in,stable,"Approved vendor for NTPC, PGCIL, RDSO, and other major electric boards in India, including for 765KV class transformers",https://www.petarang.com/about,self-claimed,no,Verified,"Website, NTPC approved","Director is an expert in Automotive Safety and Testing, Homologation, and New Product Development (NPD)",https://mitwpu.edu.in/innovation/mit-tbi,self-claimed,no,Verified,"Website, Expert team","Manufacturer and exporter of pressed steel radiators for electrical transformers (power & distribution), including hot dip galvanized and stainless steel types","India Electrical Components Market driven by smart home, digital device penetration, renewable energy expansion, and 'Make in India' push",strong,https://www.petarang.com/about,,,,,,,,,Potential to revolutionize electrical industry vendor segment with latest technology & automation from auto sector,Currently manufactures quality radiators for 30 transformer manufacturers across India and Gulf,Untapped potential to bring auto sector automation to electrical component manufacturing,Implement latest technology and automation widely adopted by auto sector vendors,https://www.indiamart.com/jadhao-engineers/about-ceo.html?srsltid=AfmBOoqi1Kiik1OigKXRa3ja1vp9mH_m3XoiXYeNFYPyNoZmrGOOCmmy,,not-found,,,,auto-confirmed,,
R.V. INDUSTRIALS,https://rvindustrials.com,,partnership,Precision Machined Components,high-precision-pump-shafts-flanges,"Manufacturer of high precision flanges, shafts, components, and sub-assemblies, including industrial compressor spares and valves",https://tamilcrew.com/engineering/industrial/micromachining-services/,self-claimed,no,Verified,"IndiaMART, LinkedIn, Website",qualification-lock-in,stable,ISO 9001:2015 certified for manufacturing and supply of high precision machined components,https://www.rvindustrials.com/accreditation.html,self-claimed,yes,Verified,"Website, ISO 9001",Offers CNC machining services for rapid prototyping of high-quality metal parts with tight tolerances and quick turnaround times,https://rvindustrials.com/rapid-prototyping.html,self-claimed,no,Verified,"Website, CNC services","Manufacturer of high precision flanges, shafts, components, and sub-assemblies, including industrial compressor spares and valves","Rising demand for high-precision components across advanced industries like automotive, aerospace & defense, medical devices, and electronics",must-have,https://tamilcrew.com/engineering/industrial/micromachining-services/,Offers CNC machining services for rapid prototyping of high-quality metal parts with tight tolerances and quick turnaround times,Accelerated adoption of CNC automation and smart manufacturing driving market growth,strong,https://rvindustrials.com/rapid-prototyping.html,,,,,Capability to export precision machined parts to international companies,,,,https://in.linkedin.com/company/rvindustrials,ISO,claimed-verify,https://www.rvindustrials.com/accreditation.html,moat,moat,needs-review,,
MAGADH PRECISION EQUIPMENT LIMITED,https://magadh.in,U72500DL1986PLC024817,unlisted-public,Metal Processing Equipment,cold-rolling-mill-equipment,40+ year legacy in Hot & Cold Rolling Mills and Process Lines for flat products; customized metal processing solutions,https://www.linkedin.com/posts/magadh-precision-equipment-limited_magadh-magadhprecision-magadhsteel-activity-7363840750893121539-NOZZ,self-claimed,no,Verified,"IndiaMART, ExportersIndia, Website",qualification-lock-in,stable,"ISO 9001:2000 certified manufacturer, exporter, and supplier of capital equipment for metal processing",https://www.tradeindia.com/magadh-precision-equipment-limited-1062703/,self-claimed,no,Verified,"Website, ISO certified",Has an R&D Centre and offers advanced technology in products like 6-Hi reversing cold mills and HR Slitting Lines,https://www.indiamart.com/gtz-indiapvtltd/aboutus.html?srsltid=AfmBOoquRWpiHHfFAwDSSjmEuYBn3qjDSdfMfhOui59UmiL0PXR6WW8e,self-claimed,no,Verified,"Website, R&D Centre",40+ year legacy in Hot & Cold Rolling Mills and Process Lines for flat products; customized metal processing solutions,"Increasing demand for precision metal work in automotive, construction, aerospace, and other transportation industries",strong,https://www.linkedin.com/posts/magadh-precision-equipment-limited_magadh-magadhprecision-magadhsteel-activity-7363840750893121539-NOZZ,Has an R&D Centre and offers advanced technology in products like 6-Hi reversing cold mills and HR Slitting Lines,Integration of Machine Learning Systems on Chips (MLSoC) and AI-enabled CNC machines for improved productivity and reduced costs,must-have,https://www.indiamart.com/gtz-indiapvtltd/aboutus.html?srsltid=AfmBOoquRWpiHHfFAwDSSjmEuYBn3qjDSdfMfhOui59UmiL0PXR6WW8e,,,,,Potential to integrate AI/ML into existing and new equipment for enhanced precision and automation,Offers advanced technology and precision engineering in current product lines,Untapped potential for AI/ML integration to meet evolving industry demands for smart manufacturing,Leverage R&D capabilities to develop and market AI-enabled metal processing equipment,https://www.fortunebusinessinsights.com/sheet-metal-processing-equipment-market-111230,,not-found,,,,auto-confirmed,,
MENON BEARINGS LTD,https://menonbearings.in,,listed,Auto Components,engine-bearings-bushes-thrust-washers,"Manufacturer and exporter of bi-metal components, aluminum casted products, and brakes",https://alphastreet.com/india/menon-bearings-ltd-menonbe-q4-fy23-earnings-concall-transcript,self-claimed,no,Verified,"IndiaMART, LinkedIn, Website",qualification-lock-in,stable,"Achieved industry's highest certifications, including IATF, and 'Self certification / Single source / Ship to use' status by leading auto brands",https://menonbearings.in/company-overview/,self-claimed,yes,Verified,"Website, Industry certifications","Robust pipeline with 51 new parts in development, targeting major customers like John Deere and Tata Motors",https://finance.yahoo.com/markets/stocks/articles/menon-bearings-ltd-bom-523828-010226672.html,third-party,no,Verified,"Website, 51 new parts pipeline","Manufacturer and exporter of bi-metal components, aluminum casted products, and brakes",Increased export activities and longer turnaround times for receivables,strong,https://alphastreet.com/india/menon-bearings-ltd-menonbe-q4-fy23-earnings-concall-transcript,"Robust pipeline with 51 new parts in development, targeting major customers like John Deere and Tata Motors","Over 50% of new business pipeline is for exports, where margins are better",strong,https://finance.yahoo.com/markets/stocks/articles/menon-bearings-ltd-bom-523828-010226672.html,,,,,Dynamometer for brakes division could enable entry into railway business,"Dynamometer for brakes division faced delays, impacting timeline for railway business",Delays in dynamometer for brakes division hinder entry into railway business,Commission the dynamometer for the brakes division to enter the railway business,https://finance.yahoo.com/markets/stocks/articles/menon-bearings-ltd-bom-523828-010226672.html,,not-found,,moat,moat,needs-review,,
UNITED OVERSEAS BOLTS AND NUTS PRIVATE LIMITED,https://unitedoverseasbolts.com,U27310PB2021PTC054667,private,Metal Fasteners,high-tensile-industrial-fasteners,"Manufacturer of high tensile hex bolts, nuts, stud bolts, and industrial fasteners with a large manufacturing facility and semi-finishing capabilities.",https://www.unitedoverseasbolts.com/,self-claimed,no,Verified,"IndiaMART, ExportersIndia, Website",qualification-lock-in,stable,"ISO 9001:2015, CE 89/106/EEC, API 20E BSL1/2/3, and ZED GOLD certified for bolting manufacturing processes.",https://www.unitedoverseasbolts.com/certification.php,self-claimed,no,Verified,"Website, ISO 9001","Founded on innovation, with state-of-the-art production facilities and a monthly output over 500 metric tonnes.",https://www.unitedoverseasbolts.com/about.php,self-claimed,no,Verified,"Website, Innovation focused","Manufacturer of high tensile hex bolts, nuts, stud bolts, and industrial fasteners with a large manufacturing facility and semi-finishing capabilities.",Growing demand for industrial fasteners in automotive and aerospace sectors.,strong,https://www.unitedoverseasbolts.com/,"ISO 9001:2015, CE 89/106/EEC, API 20E BSL1/2/3, and ZED GOLD certified for bolting manufacturing processes.",Government intervention through regulatory framework pressurizes manufacturers to offer standardized products with superior performance characteristics.,must-have,https://www.unitedoverseasbolts.com/certification.php,,,,,,,,,,,not-found,,,,auto-confirmed,,
RECAERO INDIA PVT. LTD.,https://recaero.in,U29113KA2004PTC184018,private,Aerospace Components,aerospace-precision-machined-components,"Manufactures complex precision components for aerospace, including short cycle and serial parts from Class 1 to Class 3",https://aviationspaceindia.com/content/recaero-india-pvt-ltd,self-claimed,no,Verified,"IndiaMART, ExportersIndia, Website",qualification-lock-in,stable,"Certified with AS9100D and ISO 9001:2015, and listed as an Airbus Approved Supplier",https://www.recaero.fr/files/2021-04/tuv-sud-certificate-as9100d-iso-9001-2015,third-party,yes,Verified,"Website, AS9100D certified","Emphasizes sustainable practices and innovation, supported by advanced R&D capabilities",https://www.zoominfo.com/p/Kirankumar-Vp/7558603993,self-claimed,no,Verified,"Website, Sustainable practices","Manufactures complex precision components for aerospace, including short cycle and serial parts from Class 1 to Class 3",India aerospace parts manufacturing market to reach $21.48 billion by 2030,strong,https://aviationspaceindia.com/content/recaero-india-pvt-ltd,"Certified with AS9100D and ISO 9001:2015, and listed as an Airbus Approved Supplier",Emphasis on self-reliance in the defense sector in India for indigenous manufacturing,must-have,https://www.recaero.fr/files/2021-04/tuv-sud-certificate-as9100d-iso-9001-2015,,,,,Potential to export more aerospace components to global buyers,"Exports products primarily under HSN Codes 7326, 7222, 7604, with Recaero India Pvt Ltd as a top buyer",Export potential for aerospace components is not fully realized beyond internal group transactions,Expand export activities to external global buyers beyond Recaero SA,https://www.volza.com/company-profile/recaero-sa-16898323/,,not-found,,moat,moat,needs-review,,
Vinod Medical Systems Pvt Ltd,https://www.vinodmedical.com,,private,Medical Equipment,hospital-furniture-xray-films,"Offers high-quality healthcare imaging, accessories, equipment, photographic, and signage products; also hospital furniture",https://www.theindustryoutlook.com/machinery-and-equipment/vendor/vinod-medical-systems-onestopshop-for-quality-hospital-furniture-cid-1220.html,self-claimed,no,Verified,"IndiaMART, LinkedIn, Website",qualification-lock-in,stable,"ISO 9001:2008, ISO 14001:2004, ISO 13485:2003, CE, OHSAS, 18001:200 certified for manufacturing and photo sensitized confectioning",https://www.theindustryoutlook.com/machinery-and-equipment/vendor/vinod-medical-systems-onestopshop-for-quality-hospital-furniture-cid-1220.html,self-claimed,no,Verified,"Website, ISO certified","Introduced Medipro, a proprietary DICOM software, in November 2020; launched Aura DR Stand & Mobile Table in June 2023",https://www.vinodmedical.com/media,self-claimed,no,Verified,"Website, Proprietary software","Offers high-quality healthcare imaging, accessories, equipment, photographic, and signage products; also hospital furniture","Indian medical equipment market growing at 8.30% CAGR, driven by expanding healthcare infrastructure and rising demand",strong,https://www.theindustryoutlook.com/machinery-and-equipment/vendor/vinod-medical-systems-onestopshop-for-quality-hospital-furniture-cid-1220.html,"ISO 9001:2008, ISO 14001:2004, ISO 13485:2003, CE, OHSAS, 18001:200 certified for manufacturing and photo sensitized confectioning",Hospitals focus on upgrading facilities and medical technology; demand for quality products meeting standards,must-have,https://www.theindustryoutlook.com/machinery-and-equipment/vendor/vinod-medical-systems-onestopshop-for-quality-hospital-furniture-cid-1220.html,"Introduced Medipro, a proprietary DICOM software, in November 2020; launched Aura DR Stand & Mobile Table in June 2023",Technological innovation and advancements in healthcare systems driving demand for sophisticated devices,strong,https://www.vinodmedical.com/media,Potential to expand global presence with hospital furniture and other consumables,Established strong network of 26 offices and 300+ channel partners across India,"Company's vision to spread wings globally is not yet fully realized, despite strong domestic network.",Leverage existing ISO certifications and quality focus to penetrate international markets for hospital furniture.,https://in.linkedin.com/company/vinod-medical-systems-pvt.-ltd.,,not-found,,,,auto-confirmed,,"[identity 2026-07-14] The company's own website and Indiamart provide a CIN, but the company website's CIN is clearly a placeholder (123434456456456). Indiamart's CIN (U85110CT****PTC****63) is a valid format, but with masked characters. LinkedIn, Crisil, and GST records confirm 'Pvt Ltd' status. The GST record from piceapp.com lists multiple owners, which is consistent with a private limited company."
Welspun Living Limited,https://www.welspun.com,L17110GJ1985PLC033271,listed,Home Textiles,towels-bedding-rugs,#1 home textiles supplier to USA; vertically integrated from farm to shelf; 47+ patented technologies,https://www.welspunliving.com/,self-claimed,yes,Verified,"Official Website, MatrixBCG, Industry Reports",brand,stable,ESG top 3%ile global ranking (DJSI); zero freshwater dependence and zero waste to landfill certified in Anjar,https://www.welspunliving.com/about-us,self-claimed,no,Verified,"Website, ESG top 3%ile",Advanced product innovation driven by in-house R&D; patented traceability system Wel-Trak 2.0,https://www.welspunliving.com/about-us,self-claimed,yes,Verified,"Website, Advanced R&D",Advanced product innovation driven by in-house R&D; patented traceability system Wel-Trak 2.0,"consumer preference for premium, sustainable products in Tier-1 and Tier-2 cities",strong,https://www.welspunliving.com/about-us,#1 home textiles supplier to USA; vertically integrated from farm to shelf; 47+ patented technologies,export momentum reinforced by “China+1” sourcing pattern in US and EU,must-have,https://www.welspunliving.com/,ESG top 3%ile global ranking (DJSI); zero freshwater dependence and zero waste to landfill certified in Anjar,investments in zero-liquid-discharge systems and renewable power meet EU Digital Product Passport rules,must-have,https://www.welspunliving.com/about-us,Potential for increased market share in India's home textile market,Dominance as largest exporter of home textiles from India and #1 supplier to U.S. market,Strong export position but significant domestic market growth opportunity remains,"Strengthen B2C presence and target 50,000 stores by FY27 in Indian market",https://www.welspunliving.com/about-us,Patent,claimed-verify,https://www.welspunliving.com/,differentiation,"differentiation, product_improvement",needs-review,,
GRACE BIO CARE PRIVATE LIMITED,http://www.gracebaroda.com,U99999GJ1999PTC037026,private,Agricultural Chemicals,bio-pesticides-plant-growth-regulators,"Manufacturer, supplier, and exporter of biodegradable fertilizers, insecticides, and pesticides in liquid and powder forms",https://www.indiamart.com/gracebiocare/?srsltid=AfmBOoqqazvG7JABfql1RzUE1qMl5ki3_xaeSCQr-uhrGvWl9nL5JrhD,self-claimed,no,Verified,"IndiaMART, Website",,,Organic Certified products,https://www.indiamart.com/proddetail/sporemax-nano-2859104183388.html?srsltid=AfmBOoo2dRPoB1KAx2CWuENlbS0l7_crn9_VrcAVzYmDQZhALOufBExq,self-claimed,yes,Verified,"IndiaMART, Website",In-house R&D facility for innovations in crop protection products,http://www.gracebiocare.com/,self-claimed,no,Verified,"IndiaMART, Website","Manufacturer, supplier, and exporter of biodegradable fertilizers, insecticides, and pesticides in liquid and powder forms",Growing need to enhance agricultural productivity and meet rising demand for high-yield crops in Asia-Pacific,must-have,https://www.indiamart.com/gracebiocare/?srsltid=AfmBOoqqazvG7JABfql1RzUE1qMl5ki3_xaeSCQr-uhrGvWl9nL5JrhD,In-house R&D facility for innovations in crop protection products,Create farmer delight through regular innovations and provide apt solutions for crop protection,strong,http://www.gracebiocare.com/,,,,,Potential to expand market share and product offerings through R&D and innovation,"Current product portfolio includes various biodegradable fertilizers, insecticides, and pesticides",Untapped potential for market expansion and product diversification despite existing R&D capabilities.,"Leverage in-house R&D to develop new, cost-effective, and environmentally friendly crop protection products to meet evolving farmer needs and market demands.",http://www.gracebiocare.com/,Certification,claimed-verify,https://www.indiamart.com/proddetail/sporemax-nano-2859104183388.html?srsltid=AfmBOoo2dRPoB1KAx2CWuENlbS0l7_crn9_VrcAVzYmDQZhALOufBExq,moat,moat,needs-review,,
NIKITA CHEMICAL INDUSTRIES,http://www.nikitachemicals.com,,partnership,Pharmaceutical Ingredients,active-pharmaceutical-ingredients,"Manufacturer, supplier, and exporter of chemical intermediates, pharmaceutical manufacturers, and pharmaceutical drug manufacturers",https://www.justdial.com/Palghar/Nikita-Chemical-Industries-Boisar-Tarapur-MIDC/022PXX22-XX22-120924103844-Q5L9_BZDET,third-party,no,Verified,"IndiaMART, TradeIndia, Website",qualification-lock-in,stable,Brazil-ANVISA Certified Facility,https://chemdmart.com/company-profile/nikita-chemical-industries,self-claimed,yes,Verified,"IndiaMART, Justdial",Uses R&D and Pilot Plant for successful trials before product transfer to manufacturing,https://www.indiamart.com/nikitachemical/profile.html?srsltid=AfmBOorwjA41mWtjIc5zi_DhDx9k8xFwtt2MHPc3q6LDcla-CGQXQiqA,self-claimed,no,Verified,"IndiaMART, Website","Manufacturer, supplier, and exporter of chemical intermediates, pharmaceutical manufacturers, and pharmaceutical drug manufacturers",Global active pharmaceutical ingredients (API) market projected to reach USD 376.2 Billion by 2034,strong,https://www.justdial.com/Palghar/Nikita-Chemical-Industries-Boisar-Tarapur-MIDC/022PXX22-XX22-120924103844-Q5L9_BZDET,,,,,,,,,Potential for increased export volume and market diversification beyond top export market Pakistan,"2 export shipments recorded, top export market is Pakistan",Limited export reach despite manufacturing and export capabilities,Leverage existing manufacturing and export capabilities to expand into new global markets,https://www.trademo.com/companies/nikita-chemical-industries/18611639,Certification,claimed-verify,https://chemdmart.com/company-profile/nikita-chemical-industries,moat,moat,needs-review,,
RATNAKAR INDIA LTD,ratnakarindia.com,,unlisted-public,Agrochemicals,crop-protection-agrochemicals,"Manufactures and exports over 400 agrochemical products including insecticides, pesticides, fungicides, herbicides, and plant growth regulators.",https://ratnakarindia.com/about-ratnakar-india.php,self-claimed,no,Verified,"IndiaMART, ANI News, Website (ratnakarindia.com)",qualification-lock-in,stable,ISO 14001:2015 standard and Good Manufacture Practice System for quality control; 100+ BIS certifications; registered over 400 agrochemicals in India.,https://ratnakarindia.com/about-ratnakar-india.php,self-claimed,yes,Verified,"IndiaMART, Business News","Dedicated to research, development, production, and sales of agrochemical products; launched a new technical manufacturing unit in Dahej with 1,000 MT/month capacity.",https://ratnakarindia.com/about-ratnakar-india.php,self-claimed,no,Verified,"IndiaMART, Website","Manufactures and exports over 400 agrochemical products including insecticides, pesticides, fungicides, herbicides, and plant growth regulators.","Global demand for food and crop protection is increasing, requiring dramatic increases in food production.",must-have,https://ratnakarindia.com/about-ratnakar-india.php,"Dedicated to research, development, production, and sales of agrochemical products; launched a new technical manufacturing unit in Dahej with 1,000 MT/month capacity.","Technological innovation in crop protection, including biological products and precision application, will be significant.",strong,https://ratnakarindia.com/about-ratnakar-india.php,ISO 14001:2015 standard and Good Manufacture Practice System for quality control; 100+ BIS certifications; registered over 400 agrochemicals in India.,"Sustainability is becoming a procurement requirement for agricultural buyers globally, demanding responsible agrochemical use.",must-have,https://ratnakarindia.com/about-ratnakar-india.php,"Potential to expand market share in the growing global agrochemicals market, valued at over $328 billion by 2033.",Exports more than 200 kinds of products worldwide and has registered over 400 agrochemicals in India.,Significant market growth potential exists beyond current export and registration numbers.,Leverage existing product portfolio and manufacturing capacity to capture a larger share of the expanding global agrochemical market.,https://www.sphericalinsights.com/reports/agrochemicals-market,BIS,claimed-verify,https://www.linkedin.com/posts/ratnakar-india-ltd_ratnakarindia-agrochemex2026-vietnam-activity-7467407185002672128-cXmr,moat,moat,needs-review,,
CHENNAI METCO,www.chennaimetco.com,U27109TN2000PTC046315,private,Metallography Equipment,metallography-petrography-equipment-consumables,"Manufacturer and global supplier of metallography and petrography equipment and consumables, including turnkey lab setups",https://chennaimetco.com/,self-claimed,no,Verified,"IndiaMART, Website",qualification-lock-in,stable,Provides direct support for qualification and industrial certification regarding metallography inspection,https://www.yakinmaju.com/en/products/detail/chennai_metco_baincut_-_m,self-claimed,no,Verified,"IndiaMART, Website",Leverages R&D expertise and in-house manufacturing to customize machines and develop new products like carbide rod cutting,https://www.mmindia.co.in/article/2518/making-a-global-impact,self-claimed,no,Verified,"IndiaMART, Website","Manufacturer and global supplier of metallography and petrography equipment and consumables, including turnkey lab setups","Global demand for metallography equipment, with increasing confidence in Indian-made machines",strong,https://chennaimetco.com/,Leverages R&D expertise and in-house manufacturing to customize machines and develop new products like carbide rod cutting,"Market growth in metallography equipment, driven by resource optimization and cost-effectiveness",strong,https://www.mmindia.co.in/article/2518/making-a-global-impact,,,,,"Potential for increased market share in Europe and new markets like Slovenia, Slovakia, Romania, and Bulgaria","Already has dealers in Germany, UK, and France and exports to various countries including USA, Europe, Germany, Russia, Italy, Spain, Turkey, Argentina, Mexico, UAE, Japan, Thailand, Malaysia",Untapped European market expansion despite existing dealer network and global exports.,Showcase innovative cutting machines at EMO Hannover 2025 to strengthen relationships and secure new partnerships/dealerships.,https://www.linkedin.com/posts/modern-manufacturing-india_chennai-metco-targets-european-growth-with-activity-7372471600857747458-NSRl,,not-found,,,,auto-confirmed,,
HINDUSTAN HYDRAULICS PVT. LTD,www.hindustanhydraulics.com,U24111PB1970PTC002918,private,Machinery Manufacturing,press-brake-cnc-fiber-laser-machines,Manufacturer of hybrid press brake machines and CNC fiber laser machines since 1965,https://tracxn.com/d/legal-entities/india/hindustan-hydraulics-pvt-ltd/__zMFj72bTIqfefDIjXFF072b1z_FKT7kFMoBUqfuUnB0,self-claimed,no,Verified,"IndiaMART, Website",qualification-lock-in,stable,Holds ISO 9001:2000 certification for quality management systems,https://app.growbeyondborders.ai/directory/hindustan-hydraulics-pvt-ltd-wmrQ,self-claimed,no,Verified,"IndiaMART, Website",Recognized by Department of Scientific and Industrial Research (DSIR) for in-house R&D,https://cdnbbsr.s3waas.gov.in/s3d860edd1dd83b36f02ce52bde626c653/uploads/2020/04/2020042415.pdf,registry-confirmed,no,Verified,"IndiaMART, Website",Manufacturer of hybrid press brake machines and CNC fiber laser machines since 1965,India's metal forming industry volumes expected to increase multifold in 5-10 years,strong,https://tracxn.com/d/legal-entities/india/hindustan-hydraulics-pvt-ltd/__zMFj72bTIqfefDIjXFF072b1z_FKT7kFMoBUqfuUnB0,Recognized by Department of Scientific and Industrial Research (DSIR) for in-house R&D,Growing demand for advanced manufacturing machinery and digital manufacturing ecosystems,strong,https://cdnbbsr.s3waas.gov.in/s3d860edd1dd83b36f02ce52bde626c653/uploads/2020/04/2020042415.pdf,Holds ISO 9001:2000 certification for quality management systems,"Buyers, OEM companies, government projects, and export customers often require certified management systems",must-have,https://app.growbeyondborders.ai/directory/hindustan-hydraulics-pvt-ltd-wmrQ,"Potential to expand market share in India's growing machinery market with advanced, green solutions",,,Leverage new electric press brake and fiber laser technology to capture more of the expanding Indian and global market for green machinery.,https://www.linkedin.com/posts/modern-manufacturing-india_imtex-forming-2026-hindustan-hydraulics-activity-7422212943033061376-2T22,DSIR,claimed-verify,https://cdnbbsr.s3waas.gov.in/s3d860edd1dd83b36f02ce52bde626c653/uploads/2020/04/2020042415.pdf,product_improvement,,auto-confirmed,,
IMPERIAL PRODUCTS OF INDIA,www.imperialpartieveier.com,,sole-proprietorship,Metal Forming Machinery,coil-processing-forming-lines,"Manufactures hi-power and precision engineered machines including coil slitting lines, cut to length lines, recoilers, decoilers, surface grinders, cold rolling mills, strip straighteners, and bending machines.",https://www.indiamart.com/imperialproducts/our-product-range.html?srsltid=AfmBOopBpdVfL0YrOR031z5zVSn_PCi_OGj8cBSiMHc6Tbzsg-fNi7kg,self-claimed,no,Verified,"IndiaMART, Website",qualification-lock-in,stable,"ISO 9001:2000 certified company, ensuring consistency in product quality and processes.",https://www.tradeindia.com/imperial-products-of-india-253036/,self-claimed,yes,Verified,"IndiaMART, Website",Utilizes CAD software SOLID WORKS 2018 for designing and CAM software SOLIDCAM 2018 for machining on in-house Vertical Machining Centers and Turning Centers.,https://www.indiamart.com/imperialproducts/profile.html?srsltid=AfmBOoryWrhEzvzDeFzbU_8s888nSVRix70qfHUEts2t3MRZqYOs38O,self-claimed,no,Verified,"IndiaMART, Website","Manufactures hi-power and precision engineered machines including coil slitting lines, cut to length lines, recoilers, decoilers, surface grinders, cold rolling mills, strip straighteners, and bending machines.",Expanding manufacturing sector and 'Make in India' initiative drives demand for metal forming machine tools.,strong,https://www.indiamart.com/imperialproducts/our-product-range.html?srsltid=AfmBOopBpdVfL0YrOR031z5zVSn_PCi_OGj8cBSiMHc6Tbzsg-fNi7kg,Utilizes CAD software SOLID WORKS 2018 for designing and CAM software SOLIDCAM 2018 for machining on in-house Vertical Machining Centers and Turning Centers.,"Need for precision machining, automation, and advanced manufacturing technologies in India's manufacturing sector.",strong,https://www.indiamart.com/imperialproducts/profile.html?srsltid=AfmBOoryWrhEzvzDeFzbU_8s888nSVRix70qfHUEts2t3MRZqYOs38O,,,,,Capability to innovate new designs and develop products with a team of enthusiastic engineers and technicians.,Manufacturing custom-built machines as per specific client requirements.,Untapped potential for broader new product development beyond custom-built machines.,Leverage R&D team to develop and launch standardized new products for wider market capture.,https://www.indiamart.com/imperialproducts/profile.html?srsltid=AfmBOoryWrhEzvzDeFzbU_8s888nSVRix70qfHUEts2t3MRZqYOs38O,ISO,claimed-verify,https://www.tradeindia.com/imperial-products-of-india-253036/,moat,moat,needs-review,,
INDOTECH INDUSTRIES (I) PVT. LTD,www.indotechmachines.com,U02922MP2004PTC017015,private,Metalworking Machinery,band-saw-machines,,,,,,NaN - No differentiation data,,,,,,,,NaN - No data,,,,,,NaN - No data,,,,,,,,,,,,,,,,,,,,,,,,,
KAUSHICO MACHINE TOOLS PVT. LTD,www.kaushico.com,U29299HR1983PTC014934,private,Industrial Machinery,mechanical-power-presses,"Manufactures mechanical power presses (C Frame, H Frame, High-Speed, Permanent Inclined) and shearing machines, with 50+ years of engineering excellence.",https://kaushico.com/about-us/,self-claimed,no,Verified,"IndiaMART, Website",qualification-lock-in,stable,"ISO 9001:2015 certified company, supplying to leading OEMs and manufacturers like Yamaha, TTK, Havells, Hawkins, JBM Groups.",https://kaushico.com/about-us/,self-claimed,yes,Verified,"IndiaMART, Website",Invests in R&D to innovate and improve machine design and manufacturing processes.,https://www.justdial.com/jdmart/Delhi/Cardboard-Box-Making-Machinery/jdm-1319795-ent-2-17674901,self-claimed,no,Verified,"IndiaMART, Website","Manufactures mechanical power presses (C Frame, H Frame, High-Speed, Permanent Inclined) and shearing machines, with 50+ years of engineering excellence.","Demand for industrial machinery due to industrial automation and Industry 4.0, with focus on quality, speed, and cost efficiencies.",strong,https://kaushico.com/about-us/,Invests in R&D to innovate and improve machine design and manufacturing processes.,"End users are looking to improve from current conventional machinery to automated machines, valuing predictive maintenance, remote monitoring, and energy optimization.",strong,https://www.justdial.com/jdmart/Delhi/Cardboard-Box-Making-Machinery/jdm-1319795-ent-2-17674901,,,,,"Ability to offer smart connected machines with real-time production data, predictive maintenance, remote monitoring, and energy optimization.","Delivering precision, reliability, and high performance with robust and efficient press solutions.",Untapped potential to integrate smart manufacturing features into existing product lines.,Develop and integrate Industry 4.0 capabilities into current and new machine offerings to meet evolving customer demands for automated and connected machinery.,https://www.indiamart.com/kaushicomachinetools/profile.html?srsltid=AfmBOoo65aK5c6ZSPmkrx7zmHsVugtDlFMBdaAKMjAPZqrAyjNUvCoF4,ISO 9001:2015,claimed-verify,https://kaushico.com/about-us/,moat,moat,needs-review,,
MIVEN MAYFRAN CONVEYORS PVT. LTD,www.mivenmayfran.com,U29150KA1986PTC007869,private,Industrial Machinery Manufacturing,chip-coolant-scrap-conveyors,"Pioneer in India for chip, scrap, and coolant management systems, offering a comprehensive portfolio of solutions.",https://in.linkedin.com/company/miven-mayfran-conveyors-pvt-ltd,self-claimed,yes,Verified,"IndiaMART, Website",qualification-lock-in,stable,"ISO 9001:2008 certified, ensuring consistent product quality and customer satisfaction.",https://www.tradeindia.com/miven-mayfran-conveyors-pvt-ltd-6694664/,self-claimed,yes,Verified,"IndiaMART, Website","Joint venture with Mayfran International and part of Tsubakimoto Chain Group, combining global engineering excellence with Indian manufacturing insight.",https://in.linkedin.com/company/miven-mayfran-conveyors-pvt-ltd,self-claimed,no,Verified,"IndiaMART, Website","Pioneer in India for chip, scrap, and coolant management systems, offering a comprehensive portfolio of solutions.",Increasing investment in automation and digitalization in manufacturing.,strong,https://in.linkedin.com/company/miven-mayfran-conveyors-pvt-ltd,,,,,,,,,Ability to enhance value proposition for end-users through new revenue streams.,"Helping industries transform waste into value, improving efficiency and reducing costs.",Untapped potential to create new revenue streams beyond current waste transformation.,Develop and commercialize new offerings that leverage existing chip and coolant management expertise to generate additional value.,https://marketintelo.com/report/chip-conveyor-market,ISO,claimed-verify,https://www.tradeindia.com/miven-mayfran-conveyors-pvt-ltd-6694664/,moat,"differentiation, moat",needs-review,,
Devendra Autocom Private Limited,www.devendraautocom.in,U51102TN1965PTC005279,private,Automotive Components,diesel-fuel-injection-parts,"Manufacturer, supplier & exporter of automotive high precision components; sole distributor of Hartridge (UK) diesel test equipment and Turbo Technic (UK) turbocharger machinery",https://www.indiamart.com/proddetail/heui-test-bench-toledo-heui-master-hartridge-19668944055.html?srsltid=AfmBOorJFFcUQOpyIGAxsgQYenZzjKPMSC_aEsYaN0GhqnQ7M7KCZx64,self-claimed,no,Verified,"IndiaMART, Website",qualification-lock-in,stable,"Exports to US, UK, Germany, France, Belgium, Switzerland, Middle East, Australia, Africa, South America; supplies to Defence sector",https://in.linkedin.com/company/devendra-autocom-private-limited,self-claimed,no,Verified,"IndiaMART, Website",Head – New Product Development (NPD) role; Assistant Manager – New Product Development (NPD) role; Product Engineer for reverse engineering and product development,"https://www.glassdoor.co.in/Job/india-npd-new-product-development-jobs-SRCH_IL.0,5_IN115_KO6,33.htm",self-claimed,no,Verified,"IndiaMART, Website","Manufacturer, supplier & exporter of automotive high precision components; sole distributor of Hartridge (UK) diesel test equipment and Turbo Technic (UK) turbocharger machinery","India automotive components market valued at USD 58.21 Billion in 2025, projected to reach USD 82.67 Billion by 2034",strong,https://www.indiamart.com/proddetail/heui-test-bench-toledo-heui-master-hartridge-19668944055.html?srsltid=AfmBOorJFFcUQOpyIGAxsgQYenZzjKPMSC_aEsYaN0GhqnQ7M7KCZx64,"Exports to US, UK, Germany, France, Belgium, Switzerland, Middle East, Australia, Africa, South America; supplies to Defence sector",India automotive components market advancing as manufacturers expand global footprint,strong,https://in.linkedin.com/company/devendra-autocom-private-limited,,,,,,,,,,,not-found,,,,auto-confirmed,,
Magal Engineering Co. India Pvt. Ltd.,www.magal.co.in,U02922KA1999PTC025662,private,Industrial Machinery,sheet-metal-forming-machines,"Exclusive agency in India for global brands like INGYU, Henkel Sonderhoff, HK Laser, Costa Levigatrici, Warcom, and Etone",https://magal.co.in/,self-claimed,no,Verified,"IndiaMART, Website",qualification-lock-in,stable,"Offers Henkel Sonderhoff chemical systems tested and certified to UL, ATEX, and TUV standards",https://www.linkedin.com/posts/magal-engineering-co-india-pvt-ltd_magalengineering-precisionengineering-metalforming-activity-7343881671126990848-UMN0,self-claimed,no,Verified,"IndiaMART, Website",DSIR-recognized in-house R&D facility,https://www.linkedin.com/posts/atish-mhatre-682a3423_manufacturing-wirebending-hydraulics-activity-7458401779815256064-Iu3B,self-claimed,yes,Verified,"IndiaMART, Website","Exclusive agency in India for global brands like INGYU, Henkel Sonderhoff, HK Laser, Costa Levigatrici, Warcom, and Etone",Indian manufacturers need world-class technology and end-to-end support to achieve global standards,must-have,https://magal.co.in/,"Offers Henkel Sonderhoff chemical systems tested and certified to UL, ATEX, and TUV standards","Demand for high-performance gasketing, potting, and adhesive bonding for mission-critical sealing and protection",strong,https://www.linkedin.com/posts/magal-engineering-co-india-pvt-ltd_magalengineering-precisionengineering-metalforming-activity-7343881671126990848-UMN0,DSIR-recognized in-house R&D facility,"Industrial automation and Industry 4.0 drive demand for smart, connected machinery with predictive maintenance and energy optimization",strong,https://www.linkedin.com/posts/atish-mhatre-682a3423_manufacturing-wirebending-hydraulics-activity-7458401779815256064-Iu3B,Potential to expand production and enter new export markets for EV parts,"A Southeast Asian EV parts supplier switched from conventional to Magal's solutions, enabling production expansion and new export entry",Untapped export potential for EV parts beyond current customer base,Leverage existing success with EV parts supplier to target more export markets,https://www.machineinsider.com/driving-the-future-of-ev-manufacturing-a-powerhouse-collaboration-between-magal-engineering-ingyu-and-lee-bai/,DSIR,claimed-verify,https://www.linkedin.com/posts/atish-mhatre-682a3423_manufacturing-wirebending-hydraulics-activity-7458401779815256064-Iu3B,product_improvement,product_improvement,needs-review,,
Tripura Bio-Tech Ltd.,http://www.tripurabiotech.co.in/,U24219TG1997PLC114003,unlisted-public,Agrochemicals,bio-pesticides-plant-growth-regulators,"Specializes in developing organic solutions for farming, livestock feed, and food ingredients",https://www.justdial.com/Nalgonda/Tripura-Bio-Tech-Ltd--Thallasingaram-Yadadri-Bhongir-Choutuppal/9999P8682-8682-190927221955-T1H2_BZDET,self-claimed,no,Verified,"IndiaMART, Website",qualification-lock-in,stable,Adherence to organic certification standards to ensure product quality,https://www.justdial.com/Guntur/Organic-Bio-Fertilizer-Manufacturers/nct-11525323,self-claimed,no,Verified,"IndiaMART, Website",DSIR Registered in-house R&D unit,https://www.indiascienceandtechnology.gov.in/organisations/state-st-organisations/all-st-institution?field_institute_state_tid=4478&page=55,registry-confirmed,no,Verified,"IndiaMART, Website","Specializes in developing organic solutions for farming, livestock feed, and food ingredients","Growing India agrochemicals market, with focus on sustainable crop management",strong,https://www.justdial.com/Nalgonda/Tripura-Bio-Tech-Ltd--Thallasingaram-Yadadri-Bhongir-Choutuppal/9999P8682-8682-190927221955-T1H2_BZDET,Adherence to organic certification standards to ensure product quality,Government policies and awareness programs promoting responsible agrochemical use,strong,https://www.justdial.com/Guntur/Organic-Bio-Fertilizer-Manufacturers/nct-11525323,,,,,Capability to export Neem Oil Based EC containing Azadirchtin 0.03%,"Approved for export only, not explicitly stated as currently exporting","Export approval for a product exists, but current monetization of this export is not specified.",Leverage existing export approval for Neem Oil Based EC to expand international sales.,https://www.chemrobotics.com/agropat/pdf/ipd/330thRC.pdf,,not-found,,,,auto-confirmed,,
Ipower Batteries Pvt. Ltd.,ipowerbatteries.in,U27200DL2019PTC359433,private,Electrical Equipment Manufacturing,lithium-ion-batteries,"Developer of IoT-enabled lithium-ion batteries for multi-category electric vehicles, with proprietary BMS, CAN, IoT, GPS/GPRS, and remote monitoring capabilities.",https://tracxn.com/d/legal-entities/india/ipower-batteries-private-limited/__RzZXyFoCLAD5DJIrnOyWLd5Ugw5dLh4wC33iMpblP7E,self-claimed,no,Verified,"IndiaMART, Website",qualification-lock-in,stable,"Holds AIS 156 (Amendment III) Phase 2 and ICAT certification for NMC and LFP batteries, and TSEC Approval for Telecom batteries.",https://evreporter.com/ipower-clears-ais-156-amendment-3-phase-2-requirement/,third-party,no,Verified,"IndiaMART, Website","DSIR Registered, with a history of developing NMC, LFP, and LMFP (Rugpro series) batteries, and graphene-based batteries for electric two-wheelers.",https://www.indiascienceandtechnology.gov.in/organisations/state-st-organisations/all-st-institution?language=en&page=453,registry-confirmed,no,Verified,"IndiaMART, Website","Developer of IoT-enabled lithium-ion batteries for multi-category electric vehicles, with proprietary BMS, CAN, IoT, GPS/GPRS, and remote monitoring capabilities.",Growing demand for energy-efficient solutions and advanced battery chemistries in India's EV market.,strong,https://tracxn.com/d/legal-entities/india/ipower-batteries-private-limited/__RzZXyFoCLAD5DJIrnOyWLd5Ugw5dLh4wC33iMpblP7E,"Holds AIS 156 (Amendment III) Phase 2 and ICAT certification for NMC and LFP batteries, and TSEC Approval for Telecom batteries.",Need for safe and reliable EV ecosystem and battery supply chain management.,must-have,https://evreporter.com/ipower-clears-ais-156-amendment-3-phase-2-requirement/,"DSIR Registered, with a history of developing NMC, LFP, and LMFP (Rugpro series) batteries, and graphene-based batteries for electric two-wheelers.",India's ambitious electrification goals and shift to advanced battery chemistries like LFP.,strong,https://www.indiascienceandtechnology.gov.in/organisations/state-st-organisations/all-st-institution?language=en&page=453,Potential to expand battery service centers and training to a comprehensive network of EV companies.,Collaboration with e-Rise EV to install first-of-its-kind battery service center and train their staff.,Untapped potential to scale battery service and training network beyond current OEM partnerships.,Seek more associations with different OEMs to build a comprehensive network for EV battery safety and maintenance.,https://auto.economictimes.indiatimes.com/news/auto-components/e-rise-ev-collaborates-with-ipower-batteries-to-install-first-of-its-kind-battery-service-centre/97025309,,not-found,,,,auto-confirmed,,
SURIN AUTOMOTIVE PRIVATE LIMITED,surinauto.com,U34300KA2006PTC038845,private,Automotive Components,automotive-construction-equipment-components,"Manufactures automotive parts and assemblies, including fuel tanks, hydraulic tanks, booms, arms, frames, engine covers, truck cabins, cowls, FES, chassis components, truck decks, tippers, seating systems, and interiors for earthmoving, construction, material handling, commercial vehicles, tractors, concrete equipment, and mining industries.",https://www.preqin.com/data/profile/asset/surin-automotive-private-limited/625819,third-party,no,Verified,"IndiaMART, Website",qualification-lock-in,stable,"Holds ISO 9001:2015, IATF 16949:2016, ISO 14001:2015, ISO 45001:2018, and ISO 3834-2:2021 certifications across its plants, with 5 plants IATF-16949:2016 certified and 6 plants ISO-3834-2:2021 certified.",https://www.surinauto.com/quality/,self-claimed,yes,Verified,"IndiaMART, Website","Focused on launching innovative product lines in the automotive segment, with several new components expected to release by the end of 2024, supported by recent Series A funding for R&D.",https://www.preqin.com/data/profile/asset/surin-automotive-private-limited/625819,third-party,no,Verified,"IndiaMART, Website","Manufactures automotive parts and assemblies, including fuel tanks, hydraulic tanks, booms, arms, frames, engine covers, truck cabins, cowls, FES, chassis components, truck decks, tippers, seating systems, and interiors for earthmoving, construction, material handling, commercial vehicles, tractors, concrete equipment, and mining industries.","India automotive components market valued at USD 58.21 Billion in 2025, projected to reach USD 82.67 Billion by 2034.",strong,https://www.preqin.com/data/profile/asset/surin-automotive-private-limited/625819,"Focused on launching innovative product lines in the automotive segment, with several new components expected to release by the end of 2024, supported by recent Series A funding for R&D.",Shift toward electric and hybrid vehicles expected to generate new stamping requirements for lightweight structural and battery housing components.,strong,https://www.preqin.com/data/profile/asset/surin-automotive-private-limited/625819,,,,,"Capability to expand into international markets, particularly Southeast Asia and the Middle East by 2025.",Predominantly supplies fuel tanks and hydraulic tanks to leading construction equipment manufacturers and exports to most construction equipment manufacturers.,Untapped international market potential beyond current construction equipment exports.,Leverage recent Series A funding to expand manufacturing capabilities and R&D for international market entry.,https://www.preqin.com/data/profile/asset/surin-automotive-private-limited/625819,Certification,claimed-verify,https://www.surinauto.com/quality/,moat,moat,needs-review,,
Siddharth Foundry Pvt Ltd,siddharthfoundry.com,U27310PN2014PTC151576,private,Industrial Castings,pump-cast-components,"Manufactures and exports cast iron and ductile iron pump components, pipe fittings, and municipal castings, with N9 & N10 surface finish",https://in.linkedin.com/company/siddharthgroup,self-claimed,no,Verified,"IndiaMART, Website",qualification-lock-in,stable,ISO 9001:2008 and ISO 45001:2018 certified for quality and occupational health/safety management,https://www.linkedin.com/posts/siddharthgroup_iso45001-iso14001-certification-activity-7410274943491506176-qeqc,self-claimed,no,Verified,"IndiaMART, Website",In-house R&D department and casting/machining facility to reduce lead time and develop new products,https://www.siddharthfoundry.com/pump-casting-manufacturer-india-pump-casting.php,self-claimed,no,Verified,"IndiaMART, Website","Manufactures and exports cast iron and ductile iron pump components, pipe fittings, and municipal castings, with N9 & N10 surface finish","Increasing demand for cast components in automotive, aerospace, and construction industries",strong,https://in.linkedin.com/company/siddharthgroup,In-house R&D department and casting/machining facility to reduce lead time and develop new products,Technological advancements in casting processes like 3D sand printing and automated die casting,strong,https://www.siddharthfoundry.com/pump-casting-manufacturer-india-pump-casting.php,,,,,"Capability to produce complex castings with excellent surface finish, less draft, and uniform wall thickness using lost foam process","Produces lost foam castings up to 120 Kgs and 750mm max component size, with an annual volume of 1800 Metric Tons",Lost foam casting capability is established but its full potential for complex geometries and market penetration is not explicitly detailed.,,https://www.siddharthfoundry.com/lost-foam-foundry-india-lost-foam-casting.php,,not-found,,,,auto-confirmed,,"[identity 2026-07-14] The company's own website (siddharthfoundry.com/aboutus.php) shows CIN U27320PN2017PTC172131, but Tracxn (tracxn.com/d/legal-entities/india/siddharth-foundry-private-limited/__Afc2zrgg46G_thcPGlwAqTsr1FSoGcbWlFWxO4dz8i8) shows CIN U27310PN2014PTC151576 for 'SIDDHARTH FOUNDRY PRIVATE LIMITED' with the same website. Tracxn's CIN is used as it provides more detailed company information consistent with a private limited company."
ARMSTRONG INTERNATIONAL PVT. LTD.,https://armstronginternational.in,,private,Industrial Thermal Utilities,steam-air-hot-water-solutions,Proprietary VERIS Accelabar® meter and SAGE UMT® automatic steam trap testing device,https://armstronginternational.in/industries/pharmaceutical/monitoring/,self-claimed,no,Verified,"IndiaMART, Website",qualification-lock-in,stable,"Official channel partner for hot water, condensate recovery, and pressure/temperature regulation systems",https://www.indiamart.com/aryaengineer-contractor/profile.html?srsltid=AfmBOooZX_N56AnQ9aKAxppB4cWEngqMsSkUSKYBu2tptStY17kzLVLz,self-claimed,no,Verified,"IndiaMART, Website","Manufactures steam condensate, heat transfer, humidification, flow measurement systems to reduce energy",https://india.boilerworldexpo.com/wp-content/uploads/2022/11/Event-Directory-Boiler-India-2022.pdf,self-claimed,no,Verified,"IndiaMART, Website","Manufactures steam condensate, heat transfer, humidification, flow measurement systems to reduce energy",Industrial facilities lose 70-80% of primary energy as waste heat,must-have,https://india.boilerworldexpo.com/wp-content/uploads/2022/11/Event-Directory-Boiler-India-2022.pdf,,,,,,,,,Capability to significantly reduce fuel consumption and achieve up to 80% total carbon reduction,"Offers solutions for energy conservation, sustainability, and environment protection",Untapped potential for carbon reduction beyond current energy conservation offerings,Expand Circular Thermal® approach to decarbonization to capture more value from waste heat recovery,https://uk.linkedin.com/in/paul-ashley-72aa8264,,not-found,,,,auto-confirmed,,"[identity 2026-07-14] LinkedIn and RocketReach identify the company as US-based and 'Privately Held', while Indiamart and other Indian sources identify it as 'Private Limited' with an Indian CIN and GST. The website armstronginternational.in is for the global entity, but the Indiamart profile for 'Armstrong International Private Limited' in Chengalpattu, India, explicitly states 'Legal Status of Firm: Limited Company' and provides a partial CIN and GST, confirming it is an Indian private limited company. The US entity is likely the parent or a related global entity, while the Indian entity is a subsidiary or local operation."
ROYAL ENGITECH PVT. LTD.,https://royalengitech.com,U28999GJ2004PTC043674,private,Precision Engineered Components,precision-machined-components-assemblies,Manufactures and exports high-tech precision engineered components and assemblies for diverse industries,https://www.royalengitech.com/,self-claimed,no,Verified,"IndiaMART, Website",qualification-lock-in,stable,"ISO 9001:2015 certified, ensuring precision quality products and services",https://www.royalengitech.com/,self-claimed,yes,Verified,"IndiaMART, Website",Continuous investment in computerized technology and machinery for precision engineering,https://www.royalengitech.com/,self-claimed,no,Verified,"IndiaMART, Website",Manufactures and exports high-tech precision engineered components and assemblies for diverse industries,India's precision tools market is projected to reach INR 183.02 Bn by FY 2030,strong,https://www.royalengitech.com/,Continuous investment in computerized technology and machinery for precision engineering,Increasing adoption of automation and Industry 4.0 technologies drives demand for precision tools,must-have,https://www.royalengitech.com/,,,,,"Capability to develop castings, forgings, high precision machined components, tooling and fixtures",Achieves most customer requirements for precision CNC machine components and assemblies,Full development capabilities for specialized components and tooling are not explicitly monetized as a separate offering,Offer specialized tooling and fixture development as a distinct service,https://www.royalengitech.com/,ISO Certification,claimed-verify,https://www.royalengitech.com/,moat,moat,needs-review,,"[identity 2026-07-14] The company website and some Indiamart listings state incorporation in 1965, while official registry sources (Tendata, Tofler, Vakilsearch, IndiaFilings) and the CIN itself indicate incorporation on 25 February 2004."
SAMARTH AIRCON PVT. LTD.,https://www.samarthaircon.com,,private,Sheet Metal Fabrication,enclosures-cabinets-racks,"Manufacturer of sheet metal and fabricated components, including server racks, data center enclosures, HVAC panels, and outdoor cabinets, with contract manufacturing services",https://www.indiamart.com/samarth-aircon-limited/aboutus.html?srsltid=AfmBOorKU5YLS8cSUkmsRDaZOnk6wpiFam68XsNKo9Tk2utwF1hingBF,self-claimed,no,Verified,"IndiaMART, Website",qualification-lock-in,stable,ISO 9001:2015 certified organization with defined quality systems and checkpoints,https://samarthaircon.com/about-us,self-claimed,yes,Verified,"IndiaMART, Website","Undertakes contract manufacturing from designing, manufacturing, assembling, testing, packing, and dispatch",https://www.indiamart.com/samarth-aircon-limited/aboutus.html?srsltid=AfmBOorKU5YLS8cSUkmsRDaZOnk6wpiFam68XsNKo9Tk2utwF1hingBF,self-claimed,no,Verified,"IndiaMART, Website","Manufacturer of sheet metal and fabricated components, including server racks, data center enclosures, HVAC panels, and outdoor cabinets, with contract manufacturing services",Growth in the machine tools industry and demand for automated manufacturing systems,strong,https://www.indiamart.com/samarth-aircon-limited/aboutus.html?srsltid=AfmBOorKU5YLS8cSUkmsRDaZOnk6wpiFam68XsNKo9Tk2utwF1hingBF,,,,,,,,,"Potential to expand market share in the growing sheet metal fabrication market, particularly in APAC which dominates the market",Exports electronic parts to the United States and other overseas customers like Bahrain and Australia,Company has international export capabilities but specific market share in high-growth regions like APAC is not detailed.,Leverage existing export capabilities and ISO certification to target the APAC sheet metal market more aggressively.,https://www.trademo.com/companies/samarth-aircon-private-limited/28088314,ISO,claimed-verify,https://samarthaircon.com/about-us,moat,moat,needs-review,,
SNL BEARINGS LIMITED,https://nrbbearings.co.in,L99999MH1979PLC134191,listed,Automotive Components,needle-roller-bearings,One of India's leading needle roller bearings manufacturers for automotive OEMs and aftermarket,https://snlbearings.in/,self-claimed,yes,Verified,"IndiaMART, Website",qualification-lock-in,stable,"IATF 16949:2016 certified company, a leading supplier to major automobile manufacturers for over two decades",https://snlbearings.in/,self-claimed,yes,Verified,"IndiaMART, Website",Capability to manufacture special purpose machines and design low-cost automation for bearing manufacturing,https://snlbearings.in/,self-claimed,no,Verified,"IndiaMART, Website",One of India's leading needle roller bearings manufacturers for automotive OEMs and aftermarket,"India automotive components market valued at USD 58.21 Billion in 2025, projected to reach USD 82.67 Billion by 2034",strong,https://snlbearings.in/,"IATF 16949:2016 certified company, a leading supplier to major automobile manufacturers for over two decades",OEM comprises the biggest segment with a market share of 60% in 2025 in India's automotive components market,strong,https://snlbearings.in/,Capability to manufacture special purpose machines and design low-cost automation for bearing manufacturing,Shift towards electric mobility and adoption of advanced manufacturing technologies in India's auto component sector,strong,https://snlbearings.in/,Ability to design and develop low-cost automation and manufacture special purpose machines for cost-effective production,"Cost-effective manufacturing of products, sharing benefits with customers",Company has advanced manufacturing capabilities that could be further leveraged for market leadership.,Scale up low-cost automation and special purpose machine manufacturing to capture more value from the growing automotive components market.,https://snlbearings.in/,,not-found,,,"differentiation, moat",needs-review,,
KALPA ELECTRIKAL PVT LTD,https://kalpaelectrikal.com,U31909KA1989PTC010542,private,Electrical Equipment,control-instrument-distribution-transformers,"Manufactures instrument, control, power, and distribution transformers up to 33kV; custom designs for unique applications",https://www.kalpaelectrikal.com/,self-claimed,no,Verified,"IndiaMART, Website",qualification-lock-in,stable,ISO 9001:2015 certified; CE certified; ISI marking for LT CT's from 100 Amps to 3000 Amps,https://www.ambitionbox.com/overview/kalpa-electrikal-overview,self-claimed,yes,Verified,"IndiaMART, Website",DSIR Approved In-House R&D Unit; 200+ patents and patent-pending technologies,https://www.scribd.com/document/457922338/patya-niyamam-pdf,self-claimed,yes,Verified,"IndiaMART, Website","Manufactures instrument, control, power, and distribution transformers up to 33kV; custom designs for unique applications",Expanding opportunities in Africa for collaboration,strong,https://www.kalpaelectrikal.com/,,,,,,,,,Potential for increased global market share through collaborations and exports,Currently exporting and seeking collaborations in Africa,Untapped potential for global expansion beyond current export activities and African collaborations.,Leverage existing global presence and certifications to actively pursue new international markets.,https://www.instagram.com/kalpa_electrikal/?hl=en,DSIR,claimed-verify,https://www.scribd.com/document/457922338/patya-niyamam-pdf,product_improvement,"moat, product_improvement",needs-review,,
TRIVENI CONDUCTORS LTD,https://www.triveniconductors.com,U31300MP1981PLC001744,unlisted-public,Electrical Components,copper-winding-wires,Leading manufacturer of submersible and super enamelled copper winding wires in India,https://www.facebook.com/groups/2505611863101473/posts/2809470236048966/,self-claimed,yes,Verified,"IndiaMART, Website",qualification-lock-in,stable,ISO 9001:2015 certified company by TUV,https://www.triveniconductors.com/wp-content/uploads/2023/10/Brochure.pdf,self-claimed,no,Verified,"IndiaMART, Website",History of capacity expansion and new product additions since 1981,https://www.indiamart.com/triveniconductors/profile.html?srsltid=AfmBOorNJsQsVGlobWCixwLEQnhwPIlidFhJcEBj2s2Rt69BlPsiXejd,self-claimed,no,Verified,"IndiaMART, Website",Leading manufacturer of submersible and super enamelled copper winding wires in India,India Electrical Components Market driven by smart home and digital device penetration,strong,https://www.facebook.com/groups/2505611863101473/posts/2809470236048966/,ISO 9001:2015 certified company by TUV,"Electrical components require explicit testing, certification, or marking",must-have,https://www.triveniconductors.com/wp-content/uploads/2023/10/Brochure.pdf,,,,,Potential for establishing a dedicated testing center and R&D lab,,Company lacks dedicated R&D for upgrading production processes and new product development.,Establish a dedicated testing center and R&D lab for wire and cable industry.,https://dcmsme.gov.in/Winding%20Wire.pdf,,not-found,,differentiation,differentiation,needs-review,,
UNIQUE PUNCH SYSTEMS PVT.LTD,https://uniquepunch.in,U31109KA1994PTC015319,private,Sheet Metal Fabrication,precision-sheet-metal-components,"Precision-engineered sheet metal components for automotive, medical, electronics, and aerospace industries; global exporter",https://uniquepunch.in/the-quality-process/,self-claimed,no,Verified,"IndiaMART, Website",qualification-lock-in,stable,ISO 2000 certified corporation,https://www.tradeindia.com/unique-punch-systems-pvt-ltd-224919/,self-claimed,no,Verified,"IndiaMART, Website",Rapid prototyping and small batch sheet metal production services for design concepts to functional components,https://uniquepunch.in/prototyping-and-small-batch-production/,self-claimed,no,Verified,"IndiaMART, Website","Precision-engineered sheet metal components for automotive, medical, electronics, and aerospace industries; global exporter",Increasing demand for lightweight and durable components in automotive and aerospace,strong,https://uniquepunch.in/the-quality-process/,Rapid prototyping and small batch sheet metal production services for design concepts to functional components,Adoption of automation and advanced technologies in fabrication,strong,https://uniquepunch.in/prototyping-and-small-batch-production/,,,,,Potential to expand export market share given India's position as a global manufacturing powerhouse,"Exports to Germany, Finland, USA, Spain, Israel, and China",Untapped export potential for sheet metal components beyond current international partnerships.,Leverage India's manufacturing growth to increase export volume and reach.,https://www.scribd.com/document/840162658/DB-AI-Report-BIP-F,,not-found,,,,auto-confirmed,,
MANGAL INDUSTRIES LIMITED,https://www.emis.cn,U15122AP1990PLC011932,unlisted-public,Information Services,emerging-market-business-intelligence,"Design-led manufacturing partner for precision components, metal fabrication, storage solutions, toolworks, plastic components, and custom fabrication across diverse industries",https://www.linkedin.com/company/mangal-industries,self-claimed,no,Verified,"IndiaMART, Website",qualification-lock-in,stable,AS9100D certified for manufacturing high-tensile fasteners and precision machined components for Aerospace & Defence,https://www.linkedin.com/posts/mangal-industries_mangalindustries-sustainability-excellence-activity-7447248603703664640-QNci,self-claimed,yes,Verified,"IndiaMART, Website","DSIR recognized for developing & designing, with a Development Centre that skilled 1,533 people",https://forum.valuepickr.com/t/amara-raja-energy-mobility-limited-powering-ahead/244/399,self-claimed,yes,Verified,"IndiaMART, Website","Design-led manufacturing partner for precision components, metal fabrication, storage solutions, toolworks, plastic components, and custom fabrication across diverse industries","Enterprise shift toward data-driven decision-making, augmenting internal data with external, contextualized information",strong,https://www.linkedin.com/company/mangal-industries,,,,,,,,,Potential to offer advanced analytics and predictive insights for manufacturing processes,"Partnership with AXISCADES for engineering, digital, and manufacturing solutions","Untapped potential in advanced data analytics and predictive insights for manufacturing, beyond current engineering and digital solutions partnership.",Leverage existing engineering and digital partnership to develop and commercialize predictive analytics services for manufacturing clients.,https://www.linkedin.com/company/mangal-industries,DSIR,claimed-verify,https://forum.valuepickr.com/t/amara-raja-energy-mobility-limited-powering-ahead/244/399,product_improvement,"moat, product_improvement",needs-review,,
LNM AUTO INDUSTRIES PVT. LTD.,https://lnmauto.com,,private,Automotive Components,precision-forged-machined-components,"Global leader in engineering products for automobiles, mining, construction, consumer durables",https://www.indiamart.com/lnmauto-industries-ltd/aboutus.html?srsltid=AfmBOorOo3Sa__zf5o-1Std2htdFudcBPdseqWhndkhI2Sk4QQ0Cxz9X,self-claimed,no,Verified,"IndiaMART, Website",qualification-lock-in,stable,"ISO 9001:2015, IATF 16949, ISO 14001 certified; HAL approved vendor",https://in.linkedin.com/in/dheeraj-sharma-04b875176,self-claimed,yes,Verified,"IndiaMART, Website",Recognized with India SME 100 Award in 2019 for manufacturing and innovation,https://lnmauto.com/blogs/lnm-auto-recognized-among-top-100-msmes-in-india/,self-claimed,no,Verified,"IndiaMART, Website","Global leader in engineering products for automobiles, mining, construction, consumer durables",India automotive components market projected to reach USD 82.67 Billion by 2034,strong,https://www.indiamart.com/lnmauto-industries-ltd/aboutus.html?srsltid=AfmBOorOo3Sa__zf5o-1Std2htdFudcBPdseqWhndkhI2Sk4QQ0Cxz9X,"ISO 9001:2015, IATF 16949, ISO 14001 certified; HAL approved vendor",Automotive components undergo further testing at each major stage,must-have,https://in.linkedin.com/in/dheeraj-sharma-04b875176,,,,,95% of production exported to 23+ countries,"Exports to Comer Industries USA, Inc.",Significant export reach with potential for broader market penetration,Expand customer base beyond current partners in existing export markets,https://lnmauto-live.frappe.cloud/,Certification,claimed-verify,https://in.linkedin.com/in/dheeraj-sharma-04b875176,moat,moat,needs-review,,
INSTAA PRECISION TOOLS LLP,https://instaatool.com,,partnership,Fabricated Metal Products,cnc-punch-press-brake-tooling,"Makes tooling for CNC punch press and press brake machines, including CNC punching, punch press, embossing, and die tooling",https://www.eepcindia.org/backend/exporters-home-page,self-claimed,no,Verified,"IndiaMART, Website",qualification-lock-in,stable,AS9100 certification is in progress,https://www.eepcindia.org/backend/exporters-home-page,self-claimed,yes,Verified,"IndiaMART, Website",Collaborates with R&D team during development process and resolves manufacturing queries,https://in.linkedin.com/in/rahul-maurya-667415b1,self-claimed,no,Verified,"IndiaMART, Website","Makes tooling for CNC punch press and press brake machines, including CNC punching, punch press, embossing, and die tooling","Fabricated metal products market growing at 4.42% CAGR, driven by demand for precision-engineered components",strong,https://www.eepcindia.org/backend/exporters-home-page,AS9100 certification is in progress,"Corporate buyers prioritizing lead-time certainty and value-added design, machining, and finishing expertise",strong,https://www.eepcindia.org/backend/exporters-home-page,,,,,"Potential to expand export market share across GCC, EU & USA","Currently onboarding dealers across GCC, EU & USA",Untapped export potential despite active dealer onboarding,Leverage existing dealer network to increase export volume and market penetration,https://www.linkedin.com/posts/harshashish_cnc-sheetmetal-punchingtools-activity-7328310064006500355-D2dG,Certification,claimed-verify,https://www.eepcindia.org/backend/exporters-home-page,moat,moat,needs-review,,
MECH CHOICE TOOLS,https://vishaltools.com,,private,Hand Tools,hand-tools-oem-private-label,,,,,,NaN - No differentiation data,,,,,,,,NaN - No data,,,,,,NaN - No data,,,,,,,,,,,,,,,,,,,,,,,,,"[identity 2026-07-14] The company website (vishaltools.com) identifies itself as ""Vishal Tools & Forgings Pvt Ltd"", which implies a private limited company. However, other sources (Indiamart, Justdial, Knowyourgst, Fnshiftsolutions, Thecompanycheck) refer to the entity as ""Mech Choice Tools"" and provide a GSTIN but no CIN, with Thecompanycheck explicitly stating ""M/S Mech Choice Tools is a Medium enterprise"". This suggests a proprietorship or partnership for 'Mech Choice Tools'. Given the official website's explicit 'Pvt Ltd' designation, 'private' is chosen for Vishal Tools & Forgings Pvt Ltd, but the discrepancy with 'Mech Choice Tools' remains unresolved without further investigation."
VISHAL TOOLS & FORGINGS PVT. LTD.,https://vishaltools.com,U28910PB1992PTC012372,private,Hand Tools,hand-tools-oem-private-label,"Manufacturer and exporter of professional hand tools, including spanners, pliers, hammers, and garden tools, with OEM and private label programs.",https://www.vishaltools.com/,self-claimed,no,Verified,"IndiaMART, Website",qualification-lock-in,stable,"Holds ISO 9001:2015, ISO 14001:2015, OHSAS 45001:2018, SA 8000:2014, BSCI, and VPA-GS certifications.",https://www.vishaltools.com/certifications.php,self-claimed,no,Verified,"IndiaMART, Website","In-house R&D and testing facilities, CAD/CAM software, and continuous innovation for new product development.",https://nfm-mediashop.de/westend/api/daten/messe_2093/backend/quelle/obs/Binary/A1481629/Company%20Profile%20VTF-MCT%202025.pdf,self-claimed,no,Verified,"IndiaMART, Website","Manufacturer and exporter of professional hand tools, including spanners, pliers, hammers, and garden tools, with OEM and private label programs.","Global demand for hand tools, with a market projected to reach USD 32.94 Bn by 2036.",strong,https://www.vishaltools.com/,"Holds ISO 9001:2015, ISO 14001:2015, OHSAS 45001:2018, SA 8000:2014, BSCI, and VPA-GS certifications.",Evolving procurement requirements and tightening specifications in the hand tools market.,must-have,https://www.vishaltools.com/certifications.php,"In-house R&D and testing facilities, CAD/CAM software, and continuous innovation for new product development.",Transitioning hand tools market towards specification-led expansion and product quality.,strong,https://nfm-mediashop.de/westend/api/daten/messe_2093/backend/quelle/obs/Binary/A1481629/Company%20Profile%20VTF-MCT%202025.pdf,High-capacity manufacturing (72 million pieces/annum) and 2-star export house status.,"Supporting OEM and private label programs for global buyers across USA, Europe, Latin America, and other international markets.",Untapped potential to expand global market share beyond current OEM/private label partnerships.,Leverage government-recognized export house status and high production capacity to directly capture more value in international markets.,https://nfm-mediashop.de/westend/api/daten/messe_2093/backend/quelle/obs/Binary/A1481629/Company%20Profile%20VTF-MCT%202025.pdf,,not-found,,,,auto-confirmed,,
SHANTHALA SPHEROCAST PRIVATE LIMITED,https://shanthalaspherocast.com,U35105KA1984PTC006054,private,Industrial Castings,ductile-grey-iron-castings,"Manufacturer of grey iron, ductile iron, and alloy cast iron castings for automotive, industrial, energy, oil & gas, mining, hydraulics, construction, and pumps & valves sectors; 10,000 TPA capacity, expanding to 24,000 TPA",https://www.shanthalaspherocast.com/about,self-claimed,no,Verified,"IndiaMART, Website",qualification-lock-in,stable,"ISO 9001:2015, ISO 14001:2015, ISO 45001:2018, and PED Certificate 2014/68/EU certifications for quality, environmental, occupational health & safety, and pressure equipment manufacturing",https://www.shanthalaspherocast.com/certifications,self-claimed,no,Verified,"IndiaMART, Website","New Product Development Process with 3D modeling, 2D drawing, tooling & manufacturing design, and verification of methodology; R&D for casting technology advancement",https://www.shanthalaspherocast.com/development_process,self-claimed,no,Verified,"IndiaMART, Website","Manufacturer of grey iron, ductile iron, and alloy cast iron castings for automotive, industrial, energy, oil & gas, mining, hydraulics, construction, and pumps & valves sectors; 10,000 TPA capacity, expanding to 24,000 TPA","Increasing demand for cast components in automotive, aerospace, and construction industries",strong,https://www.shanthalaspherocast.com/about,"New Product Development Process with 3D modeling, 2D drawing, tooling & manufacturing design, and verification of methodology; R&D for casting technology advancement",Technological advancements in casting processes like 3D sand printing and simulation software enhancing production capabilities,strong,https://www.shanthalaspherocast.com/development_process,,,,,"Ability to produce 1,200 tonnes of castings per month",Production hit by 20% due to raw material shortages and rising logistics costs from West Asia conflict,"Conflict in West Asia is impacting raw material supply and logistics, reducing production capacity.",Diversify raw material sourcing and logistics channels to mitigate geopolitical risks.,https://www.thehindu.com/news/national/karnataka/conflict-in-west-asia-hits-foundries-of-shivamogga-industries-fear-temporary-closure/article70815512.ece,,not-found,,,,auto-confirmed,,
CMR GREEN TECHNOLOGIES LIMITED,https://cmr.co.in,U00337HR2005PLC085675,listed,Metal Recycling,aluminium-zinc-alloy-recycling,India's largest non-ferrous metal recycler by installed capacity and highest market share in secondary aluminium market by revenue (FY2025),https://www.instagram.com/p/DZFVGUJAKxr/,self-claimed,yes,Verified,"ICICI Direct, TradeJini, IndiaMART",qualification-lock-in,stable,IATF16949 certification for quality management standards in plants,https://www.instagram.com/reel/C3Z4SNSyLat/,self-claimed,yes,Verified,"TradeJini, IndiaMART",India's first aluminium recycler certified by DSIR for R&D Center,https://www.instagram.com/reel/DA3ariNht9b/?hl=en,self-claimed,yes,Verified,"IndiaMART, Website",India's largest non-ferrous metal recycler by installed capacity and highest market share in secondary aluminium market by revenue (FY2025),growing demand for sustainable and circular manufacturing solutions,strong,https://www.instagram.com/p/DZFVGUJAKxr/,India's first aluminium recycler certified by DSIR for R&D Center,manufacturers’ efforts to reduce dependence on virgin ore extraction and lower carbon emissions,strong,https://www.instagram.com/reel/DA3ariNht9b/?hl=en,,,,,potential for further energy conservation and waste reduction across the supply chain,Direct Liquid Metal Supply and regenerative burners transforming energy conservation and maximizing efficiency,Untapped potential for broader application of energy-saving technologies,Expand Direct Liquid Metal Supply and regenerative burner technology to more operations/customers,https://www.instagram.com/reel/DA3ariNht9b/?hl=en,DSIR,claimed-verify,https://www.instagram.com/reel/DA3ariNht9b/?hl=en,product_improvement,"differentiation, moat, product_improvement",needs-review,,
Indo Smc Limited,https://www.indosmc.com,L71100GJ2021PLC125904,unlisted-public,FRP SMC Products,frp-smc-products-junction-boxes,"Designs and manufactures products for electrical, industrial, and infrastructure applications, including FRP gratings, manhole covers, junction boxes, and electricity meter boxes.",https://www.instagram.com/reel/DQwV1EVAb0n/,self-claimed,no,Verified,"IndiaMART, Website",,,,,,,,,"Focuses on design, development, and new product lines like smart meter boxes and pultruded spar caps.",https://indosmc.com/wp-content/uploads/2025/09/DRHP.pdf,self-claimed,no,Verified,"IndiaMART, Website","Designs and manufactures products for electrical, industrial, and infrastructure applications, including FRP gratings, manhole covers, junction boxes, and electricity meter boxes.",Growing regions demand dependable engineering solutions for critical infrastructure and long-term performance.,must-have,https://www.instagram.com/reel/DQwV1EVAb0n/,"Focuses on design, development, and new product lines like smart meter boxes and pultruded spar caps.","Need for innovative and sustainable solutions in construction management, design-build, and general contracting.",strong,https://indosmc.com/wp-content/uploads/2025/09/DRHP.pdf,,,,,Potential for increased export revenue and market penetration in US and German markets.,"Initial exports to Oman/Gulf, with samples sent to US and Germany.",Untapped export potential in key Western markets beyond initial sample shipments.,Aim for ASTM certification to facilitate broader market entry in US and Germany.,https://x.com/LearningEleven/status/2068668788548194697,,not-found,,,,auto-confirmed,,
Kunal Plastics Pvt Ltd,https://ecoplastindia.com,U25209GJ1983PTC156834,private,Packaging Materials,multilayer-polyolefin-copolymer-films,"Specialized in hygiene packaging solutions for baby care, sanitary, food, and medical supplies",https://www.ecoplastindia.com/pioneers-in-hygiene-packaging-a-spotlight-on-kunal-plastics/,self-claimed,no,Verified,"IndiaMART, Website",,,,,,,,,Actively exploring ways to incorporate Post-Industrial Recycled (PIR) and Post-Consumer Recycled (PCR) plastics into hygiene packaging,https://www.ecoplastindia.com/pioneers-in-hygiene-packaging-a-spotlight-on-kunal-plastics/,self-claimed,no,Verified,"IndiaMART, Website","Specialized in hygiene packaging solutions for baby care, sanitary, food, and medical supplies",Growing demand for hygiene packaging solutions in India,must-have,https://www.ecoplastindia.com/pioneers-in-hygiene-packaging-a-spotlight-on-kunal-plastics/,Actively exploring ways to incorporate Post-Industrial Recycled (PIR) and Post-Consumer Recycled (PCR) plastics into hygiene packaging,Growing demand for sustainable and eco-friendly packaging materials,strong,https://www.ecoplastindia.com/pioneers-in-hygiene-packaging-a-spotlight-on-kunal-plastics/,,,,,,,,,,,not-found,,,,auto-confirmed,,
ITL INDUSTRIES LTD,www.itl.co.in,L28939MP1989PLC005037,listed,Industrial Machinery,band-circular-sawing-machines,"Pioneer and leader in high-speed metal sawing machines and cutting solutions since 1985, with 15,000+ installations and 16,500+ machines worldwide.",https://in.linkedin.com/company/itl-industries-ltd,self-claimed,yes,Verified,"IndiaMART, Website",scale,stable,Sole manufacturer of India's first indigenously designed High Speed Double Column Band Saw Machine; offers 60 models (100mm-1500mm capacity).,https://enrichmoney.in/orca/stock-analysis/itl-industries-company-details,self-claimed,yes,Verified,"IndiaMART, Website",DSIR-recognized in-house R&D unit; developed India's first indigenous Double Column Bandsaw Machines and NC Carbide Circular Saw Metal Cutting Machine.,https://www.dsir.gov.in/static/uploads/2025/11/52f958662514cd533f9daab221e5572b.pdf,registry-confirmed,no,Verified,"IndiaMART, Website","Pioneer and leader in high-speed metal sawing machines and cutting solutions since 1985, with 15,000+ installations and 16,500+ machines worldwide.","Increasing demand from automobile and forging industries for faster, more precise, and cost-efficient solutions.",strong,https://in.linkedin.com/company/itl-industries-ltd,DSIR-recognized in-house R&D unit; developed India's first indigenous Double Column Bandsaw Machines and NC Carbide Circular Saw Metal Cutting Machine.,"Industrial automation and Industry 4.0 trends drive demand for smart, connected machines with predictive maintenance and energy optimization.",strong,https://www.dsir.gov.in/static/uploads/2025/11/52f958662514cd533f9daab221e5572b.pdf,,,,,"IoT-enabled Circular Saw Machines designed for Industry 4.0, offering real-time monitoring, predictive maintenance, and intelligent energy analysis.",Delivering reliable and cost-effective metal cutting solutions.,Untapped potential to fully monetize advanced IoT capabilities for smarter operations and data-driven decision-making.,Expand commercial offerings and marketing to highlight and sell the full suite of IoT-enabled features beyond basic metal cutting solutions.,https://in.linkedin.com/company/itl-industries-ltd,,not-found,,,"differentiation, moat",needs-review,,"[identity 2026-07-15] Source 2 provides a different CIN (U74140GJ2006PLC049662) which appears to be for 'SIHL FINCAP LTD' and not ITL Industries Ltd. The majority of sources (1, 3, 5, 6, 10, 12) consistently identify ITL Industries Ltd. with CIN L28939MP1989PLC005037 and as a public/listed company."
Armatech Associates,www.armatechassociates.com,,sole-proprietorship,Magnetic Products,magnetic-non-magnetic-workholding-tools,"Manufactures precision 'Crystal' brand magnetic and non-magnetic products, including electroperm magnetic lifters with Quad system technology for safety and power savings",https://armatechassociates.com/electroperm-magnetic-lifter/,self-claimed,no,Verified,"IndiaMART, Website",qualification-lock-in,stable,Products adhere to IS 8710 1978 certification and company holds ISO 9001:2000 and IATF 16949 certifications,https://www.jhalawadgroup.in/magnetic-products.html,self-claimed,yes,Verified,"IndiaMART, Website","Continuous R&D in permanent electromagnets for 30 years, with a history of developing over 1500 magnetic and precision measurement products since 1980",https://armatechassociates.com/electroperm-magnetic-lifter/,self-claimed,no,Verified,"IndiaMART, Website","Continuous R&D in permanent electromagnets for 30 years, with a history of developing over 1500 magnetic and precision measurement products since 1980",Growing demand from automotive industry and increasing investment in high-speed locomotive devices,strong,https://armatechassociates.com/electroperm-magnetic-lifter/,"Manufactures precision 'Crystal' brand magnetic and non-magnetic products, including electroperm magnetic lifters with Quad system technology for safety and power savings",Magnetic materials are essential for manufacturing electric motors and generators that power electric vehicles,must-have,https://armatechassociates.com/electroperm-magnetic-lifter/,,,,,"Potential to capture a larger share of the growing magnetic materials market, especially in EV components","Exports up to 20% of products to countries including New Zealand, China, Europe, Singapore, Dubai, and Malaysia","Significant export potential in the magnetic materials market is not fully captured, with current exports at only up to 20%.",Leverage R&D and certifications to expand market share in high-growth sectors like EV components in export markets.,https://www.indiamart.com/armatechassociates/profile.html?srsltid=AfmBOoocbtzP5SaehgxDzxqIdeB2pW3QdgG2HBMp-AT4Tz1t1s2NNLUw,ISO/IATF Certification,claimed-verify,https://www.jhalawadgroup.in/magnetic-products.html,moat,moat,needs-review,,
Lathia Rubber Manufacturing Co. Pvt. Ltd.,http://www.lathiarubber.com/,,private,Industrial Rubber Products,industrial-rubber-rollers,Offers tailored strategies for manufacturing challenges in the steel industry,https://www.lathia.in/steel-industry-new/,self-claimed,no,Verified,"IndiaMART, Website",qualification-lock-in,stable,Certified internal auditor for ISO 9001:2015 & IATF 16949,https://www.linkedin.com/posts/namrata-jadhav-12ba131a9_qualitycontrol-incomingquality-manufacturing-activity-7438090955607638016-UnZJ,self-claimed,yes,Verified,"IndiaMART, Website",DSIR recognized in-house R&D unit,https://cdnbbsr.s3waas.gov.in/s3d860edd1dd83b36f02ce52bde626c653/uploads/2020/04/2020042464.pdf,registry-confirmed,no,Verified,"IndiaMART, Website",Offers tailored strategies for manufacturing challenges in the steel industry,Kenyan textile industry and other African nations are looking for innovative solutions for manufacturing facilities,strong,https://www.lathia.in/steel-industry-new/,,,,,,,,,,,,,,DSIR,claimed-verify,https://cdnbbsr.s3waas.gov.in/s3d860edd1dd83b36f02ce52bde626c653/uploads/2020/04/2020042464.pdf,moat,moat,needs-review,,
SBEM Pvt. Ltd,https://www.sbem-india.com/,,private,Industrial Measurement Instruments,level-flow-pressure-temperature-sensors,"Pioneer in level instrumentation in India since 1974; offers advanced level, flow, pressure, and temperature measuring instruments and IoT solutions.",https://sbeminstruments.com/overview/,self-claimed,yes,Verified,"IndiaMART, Website",qualification-lock-in,stable,ISO/IEC 17025:2017 accredited flow calibration laboratory; approved vendor for Rajasthan PHED.,https://www.scribd.com/document/883749515/Certificate-Scope-CC-3991-Y,third-party,yes,Verified,"IndiaMART, Website",DSIR-approved R&D Centre; 24 worldwide patents and 3 Indian patents.,https://sbeminstruments.com/overview/,self-claimed,yes,Verified,"IndiaMART, Website","Pioneer in level instrumentation in India since 1974; offers advanced level, flow, pressure, and temperature measuring instruments and IoT solutions.",India's water challenge requires precision measurement for smarter water management.,must-have,https://sbeminstruments.com/overview/,DSIR-approved R&D Centre; 24 worldwide patents and 3 Indian patents.,"Demand for devices that measure quickly and accurately, delivering concrete results.",strong,https://sbeminstruments.com/overview/,,,,,"Proprietary IoT platforms (SenSphere Web Application and SenSync Mobile App) for real-time remote monitoring, alerts, analytics, and cloud-based control.",,,Expand direct commercial offerings of IoT platforms as a standalone service beyond supporting existing products.,https://in.linkedin.com/company/sbem-instruments,DSIR,claimed-verify,https://sbeminstruments.com/overview/,product_improvement,"differentiation, moat, product_improvement",needs-review,,
Mali Agri Tech Pvt. Ltd.,https://www.maliseeds.in/,,private,Agricultural Supplies,hybrid-crop-seeds,"Offers high-quality maize, paddy, mustard, and vegetable seeds with expert agricultural support",https://maliseeds.in/,self-claimed,no,Verified,"IndiaMART, Website",IP,stable,"Uses DNA fingerprinting to create unique genetic IDs for varieties, protecting intellectual property",https://maliseeds.in/rnd,self-claimed,no,Verified,"IndiaMART, Website","DSIR-recognized R&D unit established in 2010, focusing on hybrid, conventional, mutation, and marker-assisted breeding",https://maliseeds.in/rnd,self-claimed,yes,Verified,"IndiaMART, Website","Offers high-quality maize, paddy, mustard, and vegetable seeds with expert agricultural support",Farmers are increasingly shifting towards high-performance hybrid seeds for better productivity and disease resistance,must-have,https://maliseeds.in/,"DSIR-recognized R&D unit established in 2010, focusing on hybrid, conventional, mutation, and marker-assisted breeding","Strong focus on research and development is crucial for producing seeds with high resistance to diseases, adaptability, and improved yield potential",must-have,https://maliseeds.in/rnd,,,,,Potential to expand e-commerce presence for agricultural supplies,,Untapped opportunity in agricultural supplies e-commerce despite increasing internet penetration in rural areas.,Develop a robust e-commerce platform with localized supply chains and advisory support to capture the growing online agricultural supplies market.,https://www.intelmarketresearch.com/agricultural-supplies-e-commerce-market-23928,DSIR,not-found,https://www.dsir.gov.in/static/uploads/2025/11/52f958662514cd533f9daab221e5572b.pdf,product_improvement,product_improvement,needs-review,,
Vanaz Engineers Ltd.,http://www.vanaz.com/,U29299PN1949PLC006866,,Industrial Gas Equipment,gas-cylinder-valves-regulators,"Manufactures LPG kits for marine engines, CNG/LPG kits for 2, 3 & 4 wheelers, cylinder valves, pressure regulators, and pressure reducing systems/gas trains",https://www.vanaz.com/,self-claimed,no,Verified,"IndiaMART, Website",qualification-lock-in,stable,"ISO 9001, ISO/TS 16949, ISO 14001, BS OHSAS 18001, IATF 16949, and BS ISO 45001 certified; first indigenous CNG kit for auto rickshaws approved by VRDE and ARAI",https://www.vanaz.com/,self-claimed,yes,Verified,"IndiaMART, Website","R&D Department recognized by Department of Science & Technology, New Delhi since 1985; equipped with CNC machines and qualified personnel",https://www.dsir.gov.in/static/uploads/2025/11/52f958662514cd533f9daab221e5572b.pdf,registry-confirmed,no,Verified,"IndiaMART, Website","Manufactures LPG kits for marine engines, CNG/LPG kits for 2, 3 & 4 wheelers, cylinder valves, pressure regulators, and pressure reducing systems/gas trains",Rising demand for clean energy and growing government initiatives,strong,https://www.vanaz.com/,,,,,,,,,Potential for increased export of pressure reducing valves and other gas control equipment,"Exported 8 shipments with a total value of $20.31K from Jan 2022 to Sept 2025, primarily pressure reducing valves to the Philippines",Limited export monetization despite global demand for gas control equipment,Expand export markets beyond current limited scope,https://www.trademo.com/companies/vanaz-engineers-limited/34503240,DSIR,claimed-verify,https://www.vanaz.com/manufacturing-capabilities/other-ancillary-departments.html,moat,moat,needs-review,,
Pluss Advanced Technologies Pvt. Ltd.,https://www.pluss.co.in/,,private,Specialty Chemicals,phase-change-materials-specialty-polymers,Manufacturer of specialty polymers and phase change materials (PCMs) for thermal management and packaging solutions,https://www.researchgate.net/profile/Samit-Jain,self-claimed,no,Verified,"IndiaMART, Website",IP,stable,"Awarded US patent on ""Treated Fiber Reinforced Form Stable PCM"" and Miracradle® patent",https://www.facebook.com/MurugappaGroup/posts/a-pioneer-in-materials-research-and-manufacturing-pluss-advanced-technologies-lt/785660323849283/,self-claimed,yes,Verified,"IndiaMART, Website","DSIR-recognized SIRO with a Centre for Research in Energy Science & Technology (CREST) developing 40+ unique PCMs and new products like Celsure®, MiraCradle®, and PronGo®",https://www.pluss.co.in/about/rnd/,self-claimed,yes,Verified,"IndiaMART, Website",Manufacturer of specialty polymers and phase change materials (PCMs) for thermal management and packaging solutions,Increasing demand for eco-friendly and high-performance specialty chemicals,strong,https://www.researchgate.net/profile/Samit-Jain,"DSIR-recognized SIRO with a Centre for Research in Energy Science & Technology (CREST) developing 40+ unique PCMs and new products like Celsure®, MiraCradle®, and PronGo®",Rapid expansion of India’s pharmaceutical and healthcare sectors driving need for dependable temperature-controlled logistics,must-have,https://www.pluss.co.in/about/rnd/,,,,,Reusable Celsure Endura shipping solutions validated for extreme conditions and 120+ hours of temperature protection,Launched Celsure Endura to strengthen cold-chain reliability for healthcare,"Reusable cold chain solutions have high potential for cost efficiency and sustainability, but current monetization focuses on healthcare reliability.",Expand Celsure Endura's reusable model to other temperature-sensitive sectors like agri & food cold chain and e-commerce.,https://www.tripurastarnews.com/pluss-advanced-technologies-launches-celsure-endura-a-reusable-temperature-controlled-packaging-solution-to-strengthen-cold-chain-reliability-for-healthcare/,DSIR,claimed-verify,https://www.pluss.co.in/about/rnd/,product_improvement,"moat, product_improvement",needs-review,,
Chem Process Systems Pvt. Ltd.,http://www.chemprosys.com,U29230GJ2000PTC037990,private,Process Equipment,vacuum-ejectors-systems,"Manufacturer and supplier of custom-designed industrial distillation columns, strippers, vacuum ejector systems, and exotic material process equipment.",https://www.instagram.com/chemprocesssystems/,self-claimed,no,Verified,"IndiaMART, Website",qualification-lock-in,stable,Accredited ISO 9001-2015 and OHSAS 18000-2007 certified company.,https://www.instagram.com/chemprocesssystems/,self-claimed,no,Verified,"IndiaMART, Website",In-house R&D center with laboratory and pilot plants for waste water treatment and evaporation technology.,https://chemprosys.com/waste-water-and-effluent/,self-claimed,no,Verified,"IndiaMART, Website","Manufacturer and supplier of custom-designed industrial distillation columns, strippers, vacuum ejector systems, and exotic material process equipment.","Rising global demands for food safety, growing food insecurity, and consumer demand for higher quality and sustainability in food & beverage processing.",must-have,https://www.instagram.com/chemprocesssystems/,In-house R&D center with laboratory and pilot plants for waste water treatment and evaporation technology.,Efficient and environmentally friendly waste water treatment is required for industrial sectors.,must-have,https://chemprosys.com/waste-water-and-effluent/,,,,,"Potential to expand export markets beyond Bangladesh, Russia, and Uganda.","Top export markets are Bangladesh, Russia, and Uganda.",Limited export market reach despite manufacturing capabilities.,,https://www.trademo.com/companies/chem-process-systems-private-limited/17758371,,not-found,,,,auto-confirmed,,
Fortune Gourmet Specialities Pvt. LTD,fortunegourmet.com,U18101MH2004PTC027625,private,Food Distribution,gourmet-food-import-distribution,"Leading importer and distributor of gourmet foods in India, specializing in cheese since 1997, with a curated range of products including private labels Fiorella, Favola Farms, and Favola Aqua.",https://www.dsir.gov.in/static/uploads/2025/10/c90ec9a03f50a8d72e5a3af8d0576c0b.pdf,registry-confirmed,no,Verified,"IndiaMART, Website",scale,stable,"Pioneers in introducing specialty products to India that didn’t previously exist, creating and expanding the gourmet food market since 1997.",https://fortunegourmet.com/about-fortune/,self-claimed,yes,Verified,"IndiaMART, Website","Recognized for introducing unique and high-quality food products, with a focus on innovation, quality, and authenticity.",https://growjo.com/company/Fortune_Gourmet_Specialities_Pvt.,self-claimed,no,Verified,"IndiaMART, Website","Leading importer and distributor of gourmet foods in India, specializing in cheese since 1997, with a curated range of products including private labels Fiorella, Favola Farms, and Favola Aqua.",Rising urbanization and dual income households driving demand for convenient meal solutions.,strong,https://www.dsir.gov.in/static/uploads/2025/10/c90ec9a03f50a8d72e5a3af8d0576c0b.pdf,"Pioneers in introducing specialty products to India that didn’t previously exist, creating and expanding the gourmet food market since 1997.",India packaged food market forecast to expand from USD 129.18 Billion in 2025.,strong,https://fortunegourmet.com/about-fortune/,,,,,Potential to further expand market reach and product offerings in the rapidly growing ready-to-eat food market.,"Leading importer and distributor of gourmet foods, with a masterfully curated range of products.",Untapped potential in the expanding ready-to-eat food market despite current leadership in gourmet food distribution.,"Optimize supply chain for shelf-stable and frozen goods, focusing on clean label and plant-based protein formulations.",https://www.technavio.com/report/ready-to-eat-food-market-in-india-industry-analysis,,not-found,,moat,moat,needs-review,,
GRAND PRIX ENGINEERING PVT. LTD.,https://grandprixfilters.com,,private,Industrial Filtration Equipment,industrial-filters-strainers-separators,"Specializes in industrial filtration and CNC profile cutting solutions for global engineering industries, including oil and gas, petrochemical, and power sectors.",https://www.zoominfo.com/c/grand-prix-engineering-pvt-ltd/98387220,self-claimed,no,Verified,"IndiaMART, Website",qualification-lock-in,stable,"Approved vendor with EIL, ONGC, TOYO, BHEL, Tata Project, MECON, PDIL, BPCL, HPCL, Indian Oil, Air Liquide, ADNOC-DIST, Takreer, Borouge, GASCO, PDO Oman, Scop Iraq, MOG, NIGC, NPCIL, PESO, IBR, JSRS; holds ASME-U, ASME-U-2, ASME-R certifications.",https://grandprixfilters.com/certification-approvals/,self-claimed,no,Verified,"IndiaMART, Website","Established in 1970, evolved into a multi-product manufacturing entity with expertise in design, engineering, manufacturing, and supply of equipment.",https://www.zoominfo.com/c/grand-prix-engineering-pvt-ltd/98387220,self-claimed,no,Verified,"IndiaMART, Website","Specializes in industrial filtration and CNC profile cutting solutions for global engineering industries, including oil and gas, petrochemical, and power sectors.",Increasing number of oil refineries and petrochemical plants drives demand for efficient filtration systems.,must-have,https://www.zoominfo.com/c/grand-prix-engineering-pvt-ltd/98387220,"Approved vendor with EIL, ONGC, TOYO, BHEL, Tata Project, MECON, PDIL, BPCL, HPCL, Indian Oil, Air Liquide, ADNOC-DIST, Takreer, Borouge, GASCO, PDO Oman, Scop Iraq, MOG, NIGC, NPCIL, PESO, IBR, JSRS; holds ASME-U, ASME-U-2, ASME-R certifications.",Industrial filtration equipment market is projected to expand at a CAGR of 5–7% from 2026 to 2035.,strong,https://grandprixfilters.com/certification-approvals/,,,,,"Potential to expand market share in the industrial filtration equipment market, which is projected to reach USD 39528.52 Million by 2035.",,,Leverage existing certifications and approved vendor status to capture a larger share of the growing industrial filtration market.,https://www.tradeindia.com/grand-prix-engineering-pvt-ltd-868801/,,not-found,,,,auto-confirmed,,"[identity 2026-07-15] Source 12 (Tradeindia) and 13 (Knowyourgst) describe the company as a proprietorship with GST 06AAACG8368C1ZP and owner Mr. Sant Ram. Source 14 (Tenderkart) for the same GST describes it as a 'Private Limited Company'. Source 6 (Victura Group) lists 'Grand Prix Engineering Pvt. Ltd.' as one of its successful enterprises, implying it is a private limited company. Sources 2, 4, 5, 7, 8, 9, 10, 11 also refer to it as 'Pvt. Ltd.'. Given the conflicting information on GST portals and the consistent 'Pvt. Ltd.' designation across multiple sources, including a group company, 'private' is chosen, but the proprietorship claim on Tradeindia is noted."
LYOPHILIZATION SYSTEMS INDIA PVT LTD.,https://lyogroup.com,U33125TG2003PTC041023,private,Machinery,lyophilization-freeze-drying-equipment,Manufacturer and supplier of lyophilization freeze drying equipment in India,https://www.tradeindia.com/lyophilization-systems-india-pvt-ltd-357161/,self-claimed,no,Verified,"IndiaMART, Website",qualification-lock-in,stable,"ISO / CE certified corporation; ISO 9001:2008 certified, BIS Approved, UL Approved, FM Approved",https://www.tradeindia.com/lyophilization-systems-india-pvt-ltd-357161/,self-claimed,yes,Verified,"IndiaMART, Website","Manufactures freeze dryer machines in India for pharmaceutical, food, and research industries",https://www.biospectrumindia.com/news/95/1600/demand-for-freeze-dryers-to-increase.html,third-party,no,Verified,"IndiaMART, Website",Manufacturer and supplier of lyophilization freeze drying equipment in India,"Increasing demand for biologics, vaccines, and injectable pharmaceuticals",must-have,https://www.tradeindia.com/lyophilization-systems-india-pvt-ltd-357161/,"Manufactures freeze dryer machines in India for pharmaceutical, food, and research industries",Expanding pharmaceutical manufacturing capabilities in Asia-Pacific,strong,https://www.biospectrumindia.com/news/95/1600/demand-for-freeze-dryers-to-increase.html,,,,,Potential to capture more of the growing Asia-Pacific freeze-drying market,Operates as a manufacturer and supplier in India,Untapped growth in Asia-Pacific's fastest-growing freeze-drying market,Expand manufacturing and distribution to fully leverage Asia-Pacific market growth,https://www.databridgemarketresearch.com/reports/global-freeze-drying-lyophilization-manufacturing-systems-market?srsltid=AfmBOophVeGGwChBe30zznj1sjPSN-Byrxz4sIlWX4T03xuquheeGMIX,Certification,claimed-verify,https://www.tradeindia.com/lyophilization-systems-india-pvt-ltd-357161/,moat,moat,needs-review,,
AUTOMAT IRRIGATION PRIVATE LIMITED,https://automatworld.com,U45201DL2005PTC139270,private,Irrigation Equipment,agricultural-irrigation-systems,"One of the largest manufacturers of irrigation sprinklers, filtration, and fertigation equipment with 350+ products and global presence in 80+ countries",https://in.linkedin.com/company/automat-industries-pvt--ltd-,self-claimed,yes,Verified,"IndiaMART, Website",qualification-lock-in,stable,ISO Certified for Industrial Division,https://www.indiamart.com/automat-irrigation/profile.html?srsltid=AfmBOoqKcnXpnlE21u60mZS6yCc32T3aQ0qbjQ2TxZeDu0PEl2KoIAuX,self-claimed,yes,Verified,"IndiaMART, Website","Continuous innovation in design, development, and manufacturing of products, targeting 25% business from new products annually",https://www.indiamart.com/automat-irrigation/profile.html?srsltid=AfmBOoqKcnXpnlE21u60mZS6yCc32T3aQ0qbjQ2TxZeDu0PEl2KoIAuX,self-claimed,no,Verified,"IndiaMART, Website","One of the largest manufacturers of irrigation sprinklers, filtration, and fertigation equipment with 350+ products and global presence in 80+ countries","Increasing adoption of micro-irrigation systems in India, growing from 9.3M to 12.3M hectares (2020-2023)",strong,https://in.linkedin.com/company/automat-industries-pvt--ltd-,"Continuous innovation in design, development, and manufacturing of products, targeting 25% business from new products annually","Growing need for innovative, cost-effective solutions to increase productivity and support sustainable farming practices",must-have,https://www.indiamart.com/automat-irrigation/profile.html?srsltid=AfmBOoqKcnXpnlE21u60mZS6yCc32T3aQ0qbjQ2TxZeDu0PEl2KoIAuX,,,,,Potential to expand market share in micro-irrigation and protected cultivation sectors with innovative products,,,Leverage widespread distribution network and new product development to capture a larger share of the growing micro-irrigation and protected cultivation markets.,https://www.careratings.com/upload/CompanyFiles/PR/202601130156_Automat_Irrigation_Private_Limited.pdf,ISO,claimed-verify,https://www.indiamart.com/automat-irrigation/profile.html?srsltid=AfmBOoqKcnXpnlE21u60mZS6yCc32T3aQ0qbjQ2TxZeDu0PEl2KoIAuX,moat,"differentiation, moat",needs-review,,
POLYMAK PRIVATE LIMITED,https://polygrind.com,U24134TN2007PTC062123,private,Abrasives Manufacturing,abrasives-grinding-cutting-wheels,"India's integrated tools and abrasives ecosystem—manufacturing both high-performance machinery and automated, state-of-the-art wheels for seamless operational synergy",https://www.instagram.com/p/C8dyGo9xQZu/?hl=en,self-claimed,no,Verified,"IndiaMART, Website",qualification-lock-in,stable,ISO 27001 certification,https://company.vakilsearch.com/skss-polymak-private-limited/U22209TN2023PTC160296,self-claimed,yes,Verified,"IndiaMART, Website",30+ patented technologies and a patented Bolt-Thru design,https://www.instagram.com/p/DUaniNtj2OW/,self-claimed,yes,Verified,"IndiaMART, Website","Only tools company in India with state-of-art abrasives manufacturing set-up, with enhanced capacity from new automatic pressing equipment",Increasing demand from domestic and export markets for abrasives,strong,https://www.instagram.com/p/C8dyGo9xQZu/?hl=en,,,,,,,,,Potential to be a leader in Thin wheels in India and export,Currently a leading manufacturer of abrasives in India,"Aspiration to lead in Thin wheels and export, beyond current domestic leadership in abrasives",Leverage state-of-art manufacturing and enhanced capacity to expand into Thin wheels and export markets,https://www.polymak.co.in/about-us,Patent,claimed-verify,https://www.instagram.com/p/DUaniNtj2OW/,product_improvement,"moat, product_improvement",needs-review,,
FLEXATHERM EXPANLLOW PVT. LTD.,https://flexatherm.com,U29219GJ1992PTC017330,private,Industrial Machinery,expansion-bellows-hoses-dampers,"Manufactures metallic and non-metallic expansion bellows/joints, dampers, and hoses, including proprietary Poppet dampers and PTFE bellows",https://www.linkedin.com/company/flexatherm-canada,self-claimed,no,Verified,"IndiaMART, Website",qualification-lock-in,stable,"ISO 9001:2015 certified; registered with major Indian industries (Steel, Cement, Power, Defense, Nuclear, Chemical, Fertilizer, Shipping)",https://www.linkedin.com/company/flexatherm-canada,self-claimed,yes,Verified,"IndiaMART, Website",Transferred CSIR-CSIO developed UV-C disinfectant system technology for HVAC ducts,https://www.csio.res.in/CommonNew.php?ds=295&page=1,third-party,no,Verified,"IndiaMART, Website",Transferred CSIR-CSIO developed UV-C disinfectant system technology for HVAC ducts,"Industrial automation and Industry 4.0 driving demand for smart, connected machinery",strong,https://www.csio.res.in/CommonNew.php?ds=295&page=1,"Manufactures metallic and non-metallic expansion bellows/joints, dampers, and hoses, including proprietary Poppet dampers and PTFE bellows",Rapid industrialization and supply chain expansion drive need for high-capacity machinery,strong,https://www.linkedin.com/company/flexatherm-canada,,,,,Potential to expand market share in industrial machinery by leveraging advanced manufacturing capabilities and certifications,"Generated between ₹50 Cr and ₹100 Cr in revenue for FY ending Mar 31, 2025, with a CAGR of -10% in the last 1 year",Revenue decline despite market growth and advanced capabilities suggests untapped potential in industrial machinery market,Focus on increasing export percentage beyond 'upto 20%' and leveraging CSIR-CSIO technology transfer for new product lines,https://tracxn.com/d/legal-entities/india/flexatherm-expanllow-pvt-ltd/__eMlVI7L6IbBN6T39U5-nKP-lhvtlrVD3Fczi-YUlwu0,ISO,claimed-verify,https://www.linkedin.com/company/flexatherm-canada,moat,moat,needs-review,,
SCHUF SPECIALITY VALVES INDIA PVT. LTD.,https://schuf-india.com,U29194TZ2000PTC009423,private,Industrial Valves,specialty-process-valves,"Original inventor of Lift Plug and Bottom Outlet valve types, with patents from 1914 and 1923.",https://schuf.de/company-innovation/,self-claimed,yes,Verified,"IndiaMART, Website",qualification-lock-in,stable,Prepares technical documents for API certification processes and conducts ISO 9001:2015 certification audits.,https://www.zoominfo.com/p/Arun-Christel/3192472768,self-claimed,no,Verified,"IndiaMART, Website",Product Development Manager and Sr Product Manager roles focus on developing and launching new products.,https://in.linkedin.com/in/abdul-hakkim-aa2a4a45,self-claimed,no,Verified,"IndiaMART, Website",,,,,,,,,,,,,Potential to expand market share by leveraging global manufacturing locations and supply chain stability.,"Relies on a limited international supplier network (e.g., 2 suppliers, 2 shipments from UK).",Limited international supplier network may constrain growth despite global manufacturing presence.,Diversify and expand the international supplier network to enhance business stability and continuity.,https://en.abrams.wiki/Schuf-Speciality-Valves-India-PvtLtd/3-NoO-_tY9nVrQnTJXubxpRg,Patent,claimed-verify,https://schuf.de/company-innovation/,differentiation,differentiation,needs-review,,
TINITA ENGINEERING PRIVATE LIMITED,https://tinita.in,U29199MH2006PTC165317,private,Process Equipment,heat-exchangers-pressure-vessels,Manufacturer of custom-engineered static process equipment from exotic metals for critical applications,https://www.tinitamfg.com/,self-claimed,no,Verified,"IndiaMART, Website",qualification-lock-in,stable,"Pre-qualified manufacturer for Shell & Tube Heat Exchangers for ADNOC projects and ASME ""U"" & ""R"" Stamps",https://www.instagram.com/p/DVNvOZTAb2e/,self-claimed,no,Verified,"IndiaMART, Website",Showcasing expertise in high-performance static equipment for the chlor-alkali industry at AMAI conference,https://www.instagram.com/p/DUvOtIIDKC4/,self-claimed,no,Verified,"IndiaMART, Website",Manufacturer of custom-engineered static process equipment from exotic metals for critical applications,Global pressure vessels market size predicted to reach USD 56.67 billion by 2035,strong,https://www.tinitamfg.com/,"Pre-qualified manufacturer for Shell & Tube Heat Exchangers for ADNOC projects and ASME ""U"" & ""R"" Stamps","Investment for production & exploration activities in oil & gas, power generation, chemicals sectors",must-have,https://www.instagram.com/p/DVNvOZTAb2e/,,,,,Supply critical equipment for Hydrogen Generation Units at refineries,Entrusted with supply for IOCL's Paradip Refinery,Capability to supply critical equipment for hydrogen generation is demonstrated but not explicitly scaled or commercialized beyond a single project,Expand supply of critical equipment for Hydrogen Generation Units to other refineries or projects,https://www.tinitamfg.com/,,not-found,,,,auto-confirmed,,
Aero Plast Limited,https://aeroplastltd.com,U25202DL1995PLC067755,unlisted-public,Packaging Materials,flexible-paper-packaging,Pioneer in end-to-end packaging solutions with 5 decades of experience,https://www.aeroplastltd.com/,self-claimed,yes,Verified,"IndiaMART, Website",qualification-lock-in,stable,"BRCGS Certified for high-quality, safe, and sustainable packaging materials",https://www.linkedin.com/posts/aero-plast-limited_brcgs-packaginginnovation-qualityassurance-activity-7271866960127098880-dwpP,self-claimed,no,Verified,"IndiaMART, Website","Expanded with a new 50,000 sq. ft. luxury paper bag facility producing 100,000 bags/day",https://www.linkedin.com/posts/aero-plast-limited_aeroplast-luxurypackaging-paperbags-activity-7232014175852511232-1Uj-,self-claimed,no,Verified,"IndiaMART, Website",Pioneer in end-to-end packaging solutions with 5 decades of experience,"Indian packaging market expected to reach $204.81 billion by 2025, CAGR of 26.7%",strong,https://www.aeroplastltd.com/,"Expanded with a new 50,000 sq. ft. luxury paper bag facility producing 100,000 bags/day",EU legally mandating plastic-to-paper transition for packaging,must-have,https://www.linkedin.com/posts/aero-plast-limited_aeroplast-luxurypackaging-paperbags-activity-7232014175852511232-1Uj-,"BRCGS Certified for high-quality, safe, and sustainable packaging materials",Rising consumer awareness and regulatory push for eco-friendly materials,strong,https://www.linkedin.com/posts/aero-plast-limited_brcgs-packaginginnovation-qualityassurance-activity-7271866960127098880-dwpP,Potential to capture significant market share in Europe's mandated paper packaging transition,Emerged as India’s largest exporter of paper bags and represented India in an anti-dumping petition in the USA,Significant opportunity to leverage paper packaging leadership in the EU market beyond current export focus.,Scale up luxury paper bag facility and export capacity to target European market directly.,https://in.linkedin.com/company/aero-plast-limited,,not-found,,differentiation,differentiation,needs-review,,
C K Fabrics Private Limited,https://www.ckfabrics.in,U17291TG2012PTC080223,private,Textile Manufacturing,pp-spunbond-non-woven-fabric,"Leading manufacturer, supplier, and exporter of PP spunbond nonwoven fabric since 2012/2013",https://ckfabrics.in/,self-claimed,yes,Verified,"IndiaMART, Website",qualification-lock-in,stable,ISO 9001 certified for SMMS Unit,http://5.imimg.com/data5/SELLER/Doc/2024/2/384211502/TG/ZH/SJ/25172413/ss-uv-non-woven-fabric.pdf,self-claimed,yes,Verified,"IndiaMART, Website",Legal associate filed patents and conducted patent searches,https://www.linkedin.com/in/trinayana-v,self-claimed,yes,Verified,"IndiaMART, Website","Leading manufacturer, supplier, and exporter of PP spunbond nonwoven fabric since 2012/2013",Rising consumer demand for diverse fabric varieties and increasing preference for eco-friendly textiles,strong,https://ckfabrics.in/,,,,,,,,,Production capacity of 350 Metric tons per month of non-woven fabric,,,Scale up sales and distribution to fully utilize 350 MT/month production capacity,https://www.indiamart.com/ck-farbic-pvt-ltd/aboutus.html?srsltid=AfmBOooA_vuv0EjFZALoBrPgjPjWKS_5Ubk4HdRi5j-knyR8AmQqyVXy,Patent,claimed-verify,https://www.linkedin.com/in/trinayana-v,product_improvement,"differentiation, moat, product_improvement",needs-review,,
Hp Composites Llp,https://hpcompositesllp.com,,partnership,Composite Materials,frp-smc-composite-products,"Pioneer in production of SMC manhole covers, investing $4 million in 2012 to establish a comprehensive line",https://hpcompositesllp.com/about_us.php,self-claimed,yes,Verified,"IndiaMART, Website",scale,stable,Pioneer in SMC manhole cover production with $4 million investment in 2012,https://hpcompositesllp.com/about_us.php,self-claimed,yes,Verified,"IndiaMART, Website",R&D center equipped with advanced testing equipment; 12 patents and ISO9001 certified in China,https://www.instagram.com/p/DVAlaDXD5hE/,self-claimed,yes,Verified,"IndiaMART, Website",Pioneer in SMC manhole cover production with $4 million investment in 2012,"Indian composites market is fastest-growing globally, with vast potential for growth",strong,https://hpcompositesllp.com/about_us.php,R&D center equipped with advanced testing equipment; 12 patents and ISO9001 certified in China,Growth in carbon fiber value chain projected twice that of other composite materials,strong,https://www.instagram.com/p/DVAlaDXD5hE/,,,,,Capability to expand into advanced carbon fiber composites given R&D and international expertise,98.5% volume share in glass fiber-reinforced polymer (GFRP) composites,Under-monetized potential in advanced carbon fiber composites despite R&D and international expertise,Leverage R&D center and international expertise to increase market share in CFRP materials,https://www.compositesworld.com/articles/an-indian-composite-materials-market-forecast-for-2025-2030,Patent,claimed-verify,https://www.instagram.com/p/DXlYRezDeb/,product_improvement,"differentiation, moat, product_improvement",needs-review,,